"Date","Price","Open","High","Low","Vol.","Change %"
"29-12-2023","14.5025","15.1400","15.4275","14.3725","","-4.21%"
"28-12-2023","15.1400","15.5575","16.4700","14.9625","","-2.68%"
"27-12-2023","15.5575","14.6775","15.7325","14.4700","","6.00%"
"26-12-2023","14.6775","13.7075","14.9500","13.7075","","7.08%"
"22-12-2023","13.7075","13.7575","13.9875","12.2250","","-0.36%"
"21-12-2023","13.7575","14.4500","15.0100","12.2825","","-4.79%"
"20-12-2023","14.4500","13.8675","14.8700","12.7775","","4.20%"
"19-12-2023","13.8675","13.9000","14.1200","13.5525","","-0.23%"
"18-12-2023","13.9000","13.1275","14.1175","13.1250","","5.88%"
"15-12-2023","13.1275","12.3200","13.3425","10.8000","","6.55%"
"14-12-2023","12.3200","12.0650","12.5125","11.0000","","2.11%"
"13-12-2023","12.0650","12.7125","12.8175","11.5400","","-5.09%"
"12-12-2023","12.7125","12.7575","12.8675","11.6925","","-0.35%"
"11-12-2023","12.7575","12.4700","13.1225","12.2275","","2.31%"
"08-12-2023","12.4700","12.6725","12.8750","12.1350","","-1.60%"
"07-12-2023","12.6725","13.7400","13.7400","12.5450","","-7.77%"
"06-12-2023","13.7400","13.4575","14.0875","12.6875","","2.10%"
"05-12-2023","13.4575","12.9925","13.8825","11.4750","","3.58%"
"04-12-2023","12.9925","12.3825","13.1600","11.3400","","4.93%"
"01-12-2023","12.3825","12.6900","12.7550","11.7775","","-2.42%"
"30-11-2023","12.6900","12.7075","13.3525","11.7625","","-0.14%"
"29-11-2023","12.7075","12.1750","14.4600","11.3325","","4.37%"
"28-11-2023","12.1750","11.3300","12.4925","11.0650","","7.46%"
"24-11-2023","11.3300","11.3150","11.4650","8.6775","","0.13%"
"23-11-2023","11.3150","11.8650","12.1400","10.9750","","-4.64%"
"22-11-2023","11.8650","12.2325","12.7075","11.0225","","-3.00%"
"21-11-2023","12.2325","12.1475","12.4350","10.7550","","0.70%"
"20-11-2023","12.1475","11.8275","12.6700","11.2000","","2.71%"
"17-11-2023","11.8275","11.6475","12.0900","10.1900","","1.55%"
"16-11-2023","11.6475","11.1350","11.8075","10.6175","","4.60%"
"15-11-2023","11.1350","11.1875","11.4175","8.3950","","-0.47%"
"13-11-2023","11.1875","11.3475","11.6325","10.5025","","-1.41%"
"12-11-2023","11.3475","9.7525","11.5400","9.7525","","2.16%"
"10-11-2023","11.1075","10.9825","11.3575","9.8600","","1.14%"
"09-11-2023","10.9825","11.0375","11.2525","10.3700","","-0.50%"
"08-11-2023","11.0375","11.1925","11.3325","10.6300","","-1.38%"
"07-11-2023","11.1925","11.1050","12.1775","11.0000","","0.79%"
"06-11-2023","11.1050","10.8825","11.2800","10.3800","","2.04%"
"03-11-2023","10.8825","11.0750","11.0750","10.6350","","-1.74%"
"02-11-2023","11.0750","12.0475","12.0475","10.9475","","-8.07%"
"01-11-2023","12.0475","11.8250","12.1950","11.8250","","1.88%"
"31-10-2023","11.8250","11.4900","12.2850","11.2625","","2.92%"
"30-10-2023","11.4900","10.9050","12.1925","10.9050","","5.36%"
"27-10-2023","10.9050","11.7300","12.3050","10.6725","","-7.03%"
"26-10-2023","11.7300","11.3125","12.7000","11.3125","","3.69%"
"25-10-2023","11.3125","10.9050","12.1775","9.9650","","3.74%"
"23-10-2023","10.9050","10.8175","11.3575","8.8250","","0.81%"
"20-10-2023","10.8175","10.8975","11.0900","10.0750","","-0.73%"
"19-10-2023","10.8975","10.9650","11.2125","10.0475","","-0.62%"
"18-10-2023","10.9650","10.6950","11.1700","10.4850","","2.52%"
"17-10-2023","10.6950","11.0700","11.0700","10.4275","","-3.39%"
"16-10-2023","11.0700","10.6175","11.1525","9.1525","","4.26%"
"13-10-2023","10.6175","10.6175","11.0250","10.4025","","0.00%"
"12-10-2023","10.6175","10.9850","11.1175","10.5650","","-3.35%"
"11-10-2023","10.9850","11.2700","11.3225","10.3900","","-2.53%"
"10-10-2023","11.2700","11.4000","11.4000","10.8550","","-1.14%"
"09-10-2023","11.4000","10.3000","11.6325","10.1200","","10.68%"
"06-10-2023","10.3000","10.9400","10.9400","9.7300","","-5.85%"
"05-10-2023","10.9400","11.6550","11.6550","10.8425","","-6.13%"
"04-10-2023","11.6550","11.7875","12.2200","11.1150","","-1.12%"
"03-10-2023","11.7875","11.4525","12.4075","10.7750","","2.93%"
"29-09-2023","11.4525","12.8225","12.8225","11.3075","","-10.68%"
"28-09-2023","12.8225","11.5850","13.0225","9.3975","","10.68%"
"27-09-2023","11.5850","11.1850","11.8225","9.3900","","3.58%"
"26-09-2023","11.1850","10.9000","11.2900","9.2475","","2.61%"
"25-09-2023","10.9000","10.6600","11.3050","10.2725","","2.25%"
"22-09-2023","10.6600","10.8175","11.0725","10.3925","","-1.46%"
"21-09-2023","10.8175","11.1275","11.3900","10.6200","","-2.79%"
"20-09-2023","11.1275","10.8350","11.4700","10.8350","","2.70%"
"18-09-2023","10.8350","10.9025","11.4075","10.4500","","-0.62%"
"15-09-2023","10.9025","11.3175","11.3200","10.0725","","-3.67%"
"14-09-2023","11.3175","11.8275","12.0425","11.2100","","-4.31%"
"13-09-2023","11.8275","11.6900","12.0475","11.5350","","1.18%"
"12-09-2023","11.6900","11.3475","12.0225","10.7125","","3.02%"
"11-09-2023","11.3475","10.7800","11.5000","10.3375","","5.26%"
"08-09-2023","10.7800","10.8725","10.9700","10.0775","","-0.85%"
"07-09-2023","10.8725","10.6775","11.0250","9.8000","","1.83%"
"06-09-2023","10.6775","10.8150","10.9750","9.8050","","-1.27%"
"05-09-2023","10.8150","10.9625","11.0850","9.3650","","-1.35%"
"04-09-2023","10.9625","11.3650","11.5425","10.8600","","-3.54%"
"01-09-2023","11.3650","12.0625","12.1800","10.4075","","-5.78%"
"31-08-2023","12.0625","11.8000","12.2800","11.7600","","2.22%"
"30-08-2023","11.8000","12.2250","12.2425","11.4625","","-3.48%"
"29-08-2023","12.2250","12.3975","12.4625","10.6475","","-1.39%"
"28-08-2023","12.3975","12.0825","12.7200","9.5000","","2.61%"
"25-08-2023","12.0825","11.7000","12.2425","9.9800","","3.27%"
"24-08-2023","11.7000","11.7275","12.2350","10.1975","","-0.23%"
"23-08-2023","11.7275","11.7475","11.8850","10.3075","","-0.17%"
"22-08-2023","11.7475","11.9600","12.0850","11.5900","","-1.78%"
"21-08-2023","11.9600","12.1425","12.5900","11.1725","","-1.50%"
"18-08-2023","12.1425","12.2400","12.4925","10.7875","","-0.80%"
"17-08-2023","12.2400","12.1250","12.6650","12.1125","","0.95%"
"16-08-2023","12.1250","11.9950","12.6825","11.9950","","1.08%"
"14-08-2023","11.9950","11.5225","12.7550","10.4775","","4.10%"
"11-08-2023","11.5225","11.4000","11.8650","11.3550","","1.07%"
"10-08-2023","11.4000","11.1400","11.9100","10.6275","","2.33%"
"09-08-2023","11.1400","11.3250","11.7650","10.4850","","-1.63%"
"08-08-2023","11.3250","11.1025","11.5300","11.1025","","2.00%"
"07-08-2023","11.1025","10.5725","11.4175","10.4025","","5.01%"
"04-08-2023","10.5725","11.1850","11.1850","10.4825","","-5.48%"
"03-08-2023","11.1850","11.2775","11.9600","10.9825","","-0.82%"
"02-08-2023","11.2775","10.2825","11.8050","9.9500","","9.68%"
"01-08-2023","10.2825","10.4125","10.7025","10.1950","","-1.25%"
"31-07-2023","10.4125","10.1350","11.1875","10.1350","","2.74%"
"28-07-2023","10.1350","10.5125","10.8100","10.0350","","-3.59%"
"27-07-2023","10.5125","10.4575","10.9825","9.8875","","0.53%"
"26-07-2023","10.4575","10.2425","10.8625","10.2175","","2.10%"
"25-07-2023","10.2425","11.6525","11.6525","10.1125","","-12.10%"
"24-07-2023","11.6525","11.4850","11.9950","10.5375","","1.46%"
"21-07-2023","11.4850","11.7850","12.0325","11.0600","","-2.55%"
"20-07-2023","11.7850","11.6000","12.2550","11.3700","","1.59%"
"19-07-2023","11.6000","11.7100","11.9375","11.5400","","-0.94%"
"18-07-2023","11.7100","11.3150","12.0200","11.0675","","3.49%"
"17-07-2023","11.3150","10.6825","11.3975","9.8575","","5.92%"
"14-07-2023","10.6825","10.9375","10.9375","10.6125","","-2.33%"
"13-07-2023","10.9375","10.9350","11.1725","10.6950","","0.02%"
"12-07-2023","10.9350","11.0125","11.2000","10.7200","","-0.70%"
"11-07-2023","11.0125","11.4625","11.4625","10.9450","","-3.93%"
"10-07-2023","11.4625","11.5325","12.0100","11.3600","","-0.61%"
"07-07-2023","11.5325","11.8400","12.0725","11.0800","","-2.60%"
"06-07-2023","11.8400","11.8825","12.2050","11.7775","","-0.36%"
"05-07-2023","11.8825","11.7000","12.2100","11.5675","","1.56%"
"04-07-2023","11.7000","11.5400","11.9900","11.5225","","1.39%"
"03-07-2023","11.5400","10.8000","12.0300","10.8000","","6.85%"
"30-06-2023","10.8000","10.8875","11.2150","10.0700","","-0.80%"
"28-06-2023","10.8875","10.7775","11.5350","10.6525","","1.02%"
"27-06-2023","10.7775","11.3950","11.4225","10.6925","","-5.42%"
"26-06-2023","11.3950","11.2350","11.9250","11.2350","","1.42%"
"23-06-2023","11.2350","11.5475","11.8375","11.1425","","-2.71%"
"22-06-2023","11.5475","11.2925","11.7125","10.6925","","2.26%"
"21-06-2023","11.2925","11.1325","11.4325","10.7700","","1.44%"
"20-06-2023","11.1325","11.2250","11.4375","10.5675","","-0.82%"
"19-06-2023","11.2250","10.8400","11.4975","10.3300","","3.55%"
"16-06-2023","10.8400","11.0800","11.0800","10.5575","","-2.17%"
"15-06-2023","11.0800","11.1625","11.3700","9.6925","","-0.74%"
"14-06-2023","11.1625","11.1100","11.3675","10.6325","","0.47%"
"13-06-2023","11.1100","11.2450","11.2500","9.9900","","-1.20%"
"12-06-2023","11.2450","11.1200","11.8025","10.5825","","1.12%"
"09-06-2023","11.1200","11.2575","11.2975","10.3075","","-1.22%"
"08-06-2023","11.2575","11.4425","11.5675","10.1300","","-1.62%"
"07-06-2023","11.4425","11.3800","11.5375","9.6375","","0.55%"
"06-06-2023","11.3800","11.1375","11.6175","10.4650","","2.18%"
"05-06-2023","11.1375","11.1250","11.3350","10.3225","","0.11%"
"02-06-2023","11.1250","11.5975","11.7350","10.8600","","-4.07%"
"01-06-2023","11.5975","11.9725","11.9725","11.2200","","-3.13%"
"31-05-2023","11.9725","12.0100","12.4675","11.5800","","-0.31%"
"30-05-2023","12.0100","12.2975","12.3800","11.7675","","-2.34%"
"29-05-2023","12.2975","11.9000","12.4925","8.8075","","3.34%"
"26-05-2023","11.9000","12.5200","12.8575","11.7000","","-4.95%"
"25-05-2023","12.5200","13.1125","13.1325","8.1825","","-4.52%"
"24-05-2023","13.1125","12.6050","13.4375","12.4100","","4.03%"
"23-05-2023","12.6050","12.5700","13.0750","12.3175","","0.28%"
"22-05-2023","12.5700","12.3025","12.8200","11.5550","","2.17%"
"19-05-2023","12.3025","12.7950","12.8200","11.6875","","-3.85%"
"18-05-2023","12.7950","13.1050","13.1050","11.1375","","-2.37%"
"17-05-2023","13.1050","13.2925","13.5800","11.8950","","-1.41%"
"16-05-2023","13.2925","13.1725","13.4850","11.7100","","0.91%"
"15-05-2023","13.1725","12.8525","13.6150","12.5375","","2.49%"
"12-05-2023","12.8525","13.2150","13.5100","12.7375","","-2.74%"
"11-05-2023","13.2150","13.0825","13.7400","12.8150","","1.01%"
"10-05-2023","13.0825","12.6775","13.2975","11.5425","","3.19%"
"09-05-2023","12.6775","12.6350","12.8150","11.6575","","0.34%"
"08-05-2023","12.6350","12.2950","12.9100","11.7225","","2.77%"
"05-05-2023","12.2950","11.7325","12.3750","11.5300","","4.79%"
"04-05-2023","11.7325","11.8400","12.0300","11.1850","","-0.91%"
"03-05-2023","11.8400","11.8975","12.2500","11.1300","","-0.48%"
"02-05-2023","11.8975","10.9475","12.0625","10.9475","","8.68%"
"28-04-2023","10.9475","11.4250","11.5425","10.7875","","-4.18%"
"27-04-2023","11.4250","11.6525","12.0200","10.9600","","-1.95%"
"26-04-2023","11.6525","11.5200","11.8975","11.2975","","1.15%"
"25-04-2023","11.5200","11.6675","11.8125","11.4250","","-1.26%"
"24-04-2023","11.6675","11.6300","12.2050","11.5800","","0.32%"
"21-04-2023","11.6300","11.9400","12.0400","11.5200","","-2.60%"
"20-04-2023","11.9400","12.1525","12.3975","11.5800","","-1.75%"
"19-04-2023","12.1525","12.0750","12.4700","11.1075","","0.64%"
"18-04-2023","12.0750","12.2650","12.5250","11.8625","","-1.55%"
"17-04-2023","12.2650","11.9075","13.2725","11.9075","","3.00%"
"13-04-2023","11.9075","12.2725","12.5100","11.8400","","-2.97%"
"12-04-2023","12.2725","11.9750","12.3950","11.9750","","2.48%"
"11-04-2023","11.9750","12.2725","12.2725","11.6650","","-2.42%"
"10-04-2023","12.2725","11.7975","12.5625","11.7975","","4.03%"
"06-04-2023","11.7975","12.4125","12.5700","11.6500","","-4.95%"
"05-04-2023","12.4125","12.5850","12.8050","12.0525","","-1.37%"
"03-04-2023","12.5850","12.9350","13.4900","12.4650","","-2.71%"
"31-03-2023","12.9350","13.6275","13.6275","12.0725","","-5.08%"
"29-03-2023","13.6275","15.1000","15.1000","13.3200","","-9.75%"
"28-03-2023","15.1000","15.4450","15.6075","14.8650","","-2.23%"
"27-03-2023","15.4450","15.2400","16.0925","15.0975","","1.35%"
"24-03-2023","15.2400","14.4900","15.4300","14.2025","","5.18%"
"23-03-2023","14.4900","14.8075","15.0575","13.9025","","-2.14%"
"22-03-2023","14.8075","15.0825","15.0925","14.2425","","-1.82%"
"21-03-2023","15.0825","16.0075","16.0350","14.0825","","-5.78%"
"20-03-2023","16.0075","14.7675","17.2200","14.5200","","8.40%"
"17-03-2023","14.7675","16.2175","16.2175","14.6000","","-8.94%"
"16-03-2023","16.2175","16.2950","17.3550","13.9500","","-0.48%"
"15-03-2023","16.2950","16.2175","16.5050","14.5175","","0.48%"
"14-03-2023","16.2175","16.2150","16.6425","15.0025","","0.02%"
"13-03-2023","16.2150","13.4125","16.4275","13.4125","","20.89%"
"10-03-2023","13.4125","12.7250","13.8175","12.7250","","5.40%"
"09-03-2023","12.7250","12.4500","12.8425","11.7800","","2.21%"
"08-03-2023","12.4500","12.2675","12.8475","11.8975","","1.49%"
"06-03-2023","12.2675","12.1800","12.4725","11.8375","","0.72%"
"03-03-2023","12.1800","12.9700","12.9700","11.9800","","-6.09%"
"02-03-2023","12.9700","12.9950","13.5500","11.1000","","-0.19%"
"01-03-2023","12.9950","14.0200","14.0200","12.2750","","-7.31%"
"28-02-2023","14.0200","13.8750","14.5675","13.5000","","1.05%"
"27-02-2023","13.8750","14.1850","15.0975","13.7500","","-2.19%"
"24-02-2023","14.1850","15.0750","15.1425","14.0075","","-5.90%"
"23-02-2023","15.0750","15.5875","16.0100","14.5175","","-3.29%"
"22-02-2023","15.5875","14.0075","15.9150","12.3775","","11.28%"
"21-02-2023","14.0075","13.3825","14.2950","13.3825","","4.67%"
"20-02-2023","13.3825","13.0850","13.7075","10.9225","","2.27%"
"17-02-2023","13.0850","12.8900","13.5200","10.8025","","1.51%"
"16-02-2023","12.8900","12.8600","13.1625","10.1725","","0.23%"
"15-02-2023","12.8600","13.4525","13.4525","11.2800","","-4.40%"
"14-02-2023","13.4525","13.6800","13.6800","12.4525","","-1.66%"
"13-02-2023","13.6800","12.7450","14.0950","11.8300","","7.34%"
"10-02-2023","12.7450","13.0400","13.2775","12.2075","","-2.26%"
"09-02-2023","13.0400","13.5950","13.8150","12.0625","","-4.08%"
"08-02-2023","13.5950","14.1250","14.2475","13.5350","","-3.75%"
"07-02-2023","14.1250","14.6875","14.8750","13.6650","","-3.83%"
"06-02-2023","14.6875","14.3975","15.2050","14.1850","","2.01%"
"03-02-2023","14.3975","15.7325","15.7575","14.2700","","-8.49%"
"02-02-2023","15.7325","16.7800","17.7675","15.5075","","-6.24%"
"01-02-2023","16.7800","16.8750","18.5400","14.8475","","-0.56%"
"31-01-2023","16.8750","17.7100","18.3675","16.5650","","-4.71%"
"30-01-2023","17.7100","17.3200","19.3900","17.2900","","2.25%"
"27-01-2023","17.3200","14.6550","18.0125","14.5825","","18.18%"
"25-01-2023","14.6550","13.6575","15.4225","13.5175","","7.30%"
"24-01-2023","13.6575","13.6175","13.8100","13.3000","","0.29%"
"23-01-2023","13.6175","13.7875","14.2600","13.4800","","-1.23%"
"20-01-2023","13.7875","13.9600","14.1850","11.6425","","-1.24%"
"19-01-2023","13.9600","14.3725","14.8325","13.8925","","-2.87%"
"18-01-2023","14.3725","14.5900","14.7500","12.4725","","-1.49%"
"17-01-2023","14.5900","15.0225","15.3100","13.8400","","-2.88%"
"16-01-2023","15.0225","14.4600","15.3625","14.4600","","3.89%"
"13-01-2023","14.4600","15.2750","15.6025","14.3950","","-5.34%"
"12-01-2023","15.2750","15.4350","16.0425","14.4175","","-1.04%"
"11-01-2023","15.4350","15.5100","16.2250","15.1150","","-0.48%"
"10-01-2023","15.5100","14.6525","15.9350","14.5625","","5.85%"
"09-01-2023","14.6525","15.0250","15.3775","14.5300","","-2.48%"
"06-01-2023","15.0250","14.9825","15.4375","14.6225","","0.28%"
"05-01-2023","14.9825","15.1975","15.6000","14.8125","","-1.41%"
"04-01-2023","15.1975","14.3850","15.6825","14.3300","","5.65%"
"03-01-2023","14.3850","14.6850","14.9900","14.3050","","-2.04%"
"02-01-2023","14.6850","14.8675","15.4525","14.5675","","-1.23%"
"30-12-2022","14.8675","14.8125","15.1150","14.2825","","0.37%"
"29-12-2022","14.8125","15.3950","15.7700","14.7100","","-3.78%"
"28-12-2022","15.3950","15.2900","15.6475","15.2725","","0.69%"
"27-12-2022","15.2900","15.9325","16.1325","14.9250","","-4.03%"
"26-12-2022","15.9325","16.1600","17.2300","14.3075","","-1.41%"
"23-12-2022","16.1600","15.1875","16.4800","14.4825","","6.40%"
"22-12-2022","15.1875","15.5625","16.3000","14.4400","","-2.41%"
"21-12-2022","15.5625","13.7800","16.0100","12.4625","","12.94%"
"20-12-2022","13.7800","13.5525","14.9225","13.0400","","1.68%"
"19-12-2022","13.5525","14.0700","14.4875","13.5000","","-3.68%"
"16-12-2022","14.0700","13.7325","14.2200","12.4925","","2.46%"
"15-12-2022","13.7325","12.8850","13.8825","12.5875","","6.58%"
"14-12-2022","12.8850","12.8825","13.0825","11.5275","","0.02%"
"13-12-2022","12.8825","13.3175","13.5775","11.4325","","-3.27%"
"12-12-2022","13.3175","13.4775","14.1500","12.5275","","-1.19%"
"09-12-2022","13.4775","13.3975","13.9625","11.9125","","0.60%"
"08-12-2022","13.3975","14.0775","14.8900","13.2600","","-4.83%"
"07-12-2022","14.0775","14.0425","14.4625","13.7950","","0.25%"
"06-12-2022","14.0425","13.7325","14.2525","12.1800","","2.26%"
"05-12-2022","13.7325","13.4500","14.4175","13.4500","","2.10%"
"02-12-2022","13.4500","13.3600","14.0925","12.9600","","0.67%"
"01-12-2022","13.3600","13.8075","14.2300","12.9850","","-3.24%"
"30-11-2022","13.8075","13.6150","14.0500","12.7525","","1.41%"
"29-11-2022","13.6150","13.5650","14.6200","12.4075","","0.37%"
"28-11-2022","13.5650","13.3325","14.0575","12.4100","","1.74%"
"25-11-2022","13.3325","13.4775","15.7725","12.7725","","-1.08%"
"24-11-2022","13.4775","14.0425","14.0425","12.9975","","-4.02%"
"23-11-2022","14.0425","13.8425","14.3275","11.8750","","1.44%"
"22-11-2022","13.8425","14.7975","16.2725","13.3200","","-6.45%"
"21-11-2022","14.7975","14.3900","15.5475","13.3625","","2.83%"
"18-11-2022","14.3900","14.8775","15.6925","13.8600","","-3.28%"
"17-11-2022","14.8775","15.1000","16.2625","13.0900","","-1.47%"
"16-11-2022","15.1000","14.6350","15.5325","13.9275","","3.18%"
"15-11-2022","14.6350","14.9100","15.0150","13.8275","","-1.84%"
"14-11-2022","14.9100","14.4050","15.2700","12.5550","","3.51%"
"11-11-2022","14.4050","15.5675","15.5675","14.2775","","-7.47%"
"10-11-2022","15.5675","15.9150","16.2925","15.4925","","-2.18%"
"09-11-2022","15.9150","15.5850","16.0675","15.0175","","2.12%"
"07-11-2022","15.5850","15.6550","16.3550","15.2775","","-0.45%"
"04-11-2022","15.6550","15.9425","16.2075","15.4825","","-1.80%"
"03-11-2022","15.9425","16.6625","16.7325","14.9850","","-4.32%"
"02-11-2022","16.6625","16.1300","16.8550","14.6800","","3.30%"
"01-11-2022","16.1300","15.8025","16.2025","15.1075","","2.07%"
"31-10-2022","15.8025","15.9225","16.6300","15.0700","","-0.75%"
"28-10-2022","15.9225","16.5975","17.0375","15.8475","","-4.07%"
"27-10-2022","16.5975","16.8800","17.0700","14.7900","","-1.67%"
"25-10-2022","16.8800","17.4225","17.6175","16.4900","","-3.11%"
"24-10-2022","17.4225","17.2800","17.6725","17.0700","","0.82%"
"21-10-2022","17.2800","17.2325","17.4275","16.5850","","0.28%"
"20-10-2022","17.2325","17.4875","17.7625","15.5675","","-1.46%"
"19-10-2022","17.4875","17.4525","17.5550","16.2275","","0.20%"
"18-10-2022","17.4525","18.4175","18.4175","16.5750","","-5.24%"
"17-10-2022","18.4175","18.2575","19.0775","18.2575","","0.88%"
"14-10-2022","18.2575","20.2900","20.6300","18.0750","","-10.02%"
"13-10-2022","20.2900","20.1750","20.9425","18.4025","","0.57%"
"12-10-2022","20.1750","20.4900","20.8850","19.8850","","-1.54%"
"11-10-2022","20.4900","19.6225","20.8175","19.0900","","4.42%"
"10-10-2022","19.6225","18.8125","20.3400","18.8125","","4.31%"
"07-10-2022","18.8125","19.3150","19.7250","18.6875","","-2.60%"
"06-10-2022","19.3150","19.5700","20.0200","18.5850","","-1.30%"
"04-10-2022","19.5700","21.3650","21.3650","19.4475","","-8.40%"
"03-10-2022","21.3650","19.9675","21.6800","19.9675","","7.00%"
"30-09-2022","19.9675","21.3025","21.9875","19.6975","","-6.27%"
"29-09-2022","21.3025","22.0950","22.2875","21.0650","","-3.59%"
"28-09-2022","22.0950","21.5675","22.3625","21.4900","","2.45%"
"27-09-2022","21.5675","21.8925","22.2925","20.7875","","-1.48%"
"26-09-2022","21.8925","20.5925","22.8975","18.8050","","6.31%"
"23-09-2022","20.5925","18.8150","20.8125","17.3450","","9.45%"
"22-09-2022","18.8150","19.3250","20.1375","17.4075","","-2.64%"
"21-09-2022","19.3250","18.7975","20.2900","18.3050","","2.81%"
"20-09-2022","18.7975","19.9400","19.9400","18.1125","","-5.73%"
"19-09-2022","19.9400","19.8225","21.2050","16.4725","","0.59%"
"16-09-2022","19.8225","18.3925","20.2425","18.3000","","7.77%"
"15-09-2022","18.3925","18.2775","19.2150","16.7800","","0.63%"
"14-09-2022","18.2775","17.4700","18.5650","17.2600","","4.62%"
"13-09-2022","17.4700","17.9375","17.9375","16.8575","","-2.61%"
"12-09-2022","17.9375","17.7175","18.3825","16.3925","","1.24%"
"09-09-2022","17.7175","18.3050","18.5100","16.5450","","-3.21%"
"08-09-2022","18.3050","19.3675","19.3675","17.3025","","-5.49%"
"07-09-2022","19.3675","19.5250","20.1750","18.2775","","-0.81%"
"06-09-2022","19.5250","19.6625","20.0000","18.6450","","-0.70%"
"05-09-2022","19.6625","19.5500","20.2900","19.4500","","0.58%"
"02-09-2022","19.5500","19.8725","20.1425","17.4025","","-1.62%"
"01-09-2022","19.8725","18.7000","20.9875","18.1050","","6.27%"
"30-08-2022","18.7000","19.8225","19.8225","17.2575","","-5.66%"
"29-08-2022","19.8225","18.2150","21.2050","18.2150","","8.83%"
"26-08-2022","18.2150","19.5700","19.5700","15.8250","","-6.92%"
"25-08-2022","19.5700","18.4300","20.2150","17.2750","","6.19%"
"24-08-2022","18.4300","19.0500","19.3425","17.9875","","-3.25%"
"23-08-2022","19.0500","19.0375","19.5900","18.1775","","0.07%"
"22-08-2022","19.0375","18.2850","19.2950","17.2000","","4.12%"
"19-08-2022","18.2850","17.3500","18.5675","16.8750","","5.39%"
"18-08-2022","17.3500","17.6775","18.4400","16.7150","","-1.85%"
"17-08-2022","17.6775","17.6850","17.7875","16.5475","","-0.04%"
"16-08-2022","17.6850","17.6075","18.3550","17.0050","","0.44%"
"12-08-2022","17.6075","18.3550","18.5250","17.4100","","-4.07%"
"11-08-2022","18.3550","19.5875","19.5875","18.2000","","-6.29%"
"10-08-2022","19.5875","19.3025","20.7700","18.8575","","1.48%"
"08-08-2022","19.3025","18.9150","20.1800","17.7800","","2.05%"
"05-08-2022","18.9150","19.2575","19.3900","18.0075","","-1.78%"
"04-08-2022","19.2575","18.4500","21.0600","17.6250","","4.38%"
"03-08-2022","18.4500","18.5300","19.1725","17.9500","","-0.43%"
"02-08-2022","18.5300","17.4850","18.7550","17.4850","","5.98%"
"01-08-2022","17.4850","16.5500","17.6250","15.8925","","5.65%"
"29-07-2022","16.5500","17.0125","18.6450","16.4900","","-2.72%"
"28-07-2022","17.0125","18.1300","18.1300","16.8375","","-6.16%"
"27-07-2022","18.1300","18.1700","18.6350","17.7525","","-0.22%"
"26-07-2022","18.1700","17.6800","18.2675","17.3550","","2.77%"
"25-07-2022","17.6800","16.6500","17.9075","16.1775","","6.19%"
"22-07-2022","16.6500","16.8575","16.9625","16.1625","","-1.23%"
"21-07-2022","16.8575","16.8225","17.2075","15.9725","","0.21%"
"20-07-2022","16.8225","17.2025","17.2725","15.6575","","-2.21%"
"19-07-2022","17.2025","17.1600","17.6675","16.3525","","0.25%"
"18-07-2022","17.1600","17.5975","18.1825","16.4700","","-2.49%"
"15-07-2022","17.5975","18.3400","18.3400","17.5300","","-4.05%"
"14-07-2022","18.3400","18.5200","18.6900","17.7500","","-0.97%"
"13-07-2022","18.5200","18.5475","18.7625","17.7350","","-0.15%"
"12-07-2022","18.5475","18.3675","18.6375","17.3000","","0.98%"
"11-07-2022","18.3675","18.3950","19.2150","16.6475","","-0.15%"
"08-07-2022","18.3950","19.2025","19.2025","18.2200","","-4.21%"
"07-07-2022","19.2025","20.2675","20.2675","19.0125","","-5.25%"
"06-07-2022","20.2675","20.7875","20.7875","19.8225","","-2.50%"
"05-07-2022","20.7875","20.9725","20.9925","20.2350","","-0.88%"
"04-07-2022","20.9725","21.2500","22.2475","20.9225","","-1.31%"
"01-07-2022","21.2500","21.8400","22.4300","21.1425","","-2.70%"
"30-06-2022","21.8400","21.9000","22.2725","21.5375","","-0.27%"
"29-06-2022","21.9000","21.4500","22.0850","21.4500","","2.10%"
"28-06-2022","21.4500","21.0050","21.6800","20.5125","","2.12%"
"27-06-2022","21.0050","20.5500","21.1200","19.5450","","2.21%"
"24-06-2022","20.5500","20.8800","21.2725","18.6825","","-1.58%"
"23-06-2022","20.8800","21.3000","21.7100","18.3550","","-1.97%"
"22-06-2022","21.3000","21.1425","21.7850","19.3200","","0.74%"
"21-06-2022","21.1425","22.4125","22.4125","20.4800","","-5.67%"
"20-06-2022","22.4125","22.7575","23.6350","16.0025","","-1.52%"
"17-06-2022","22.7575","22.8675","23.6900","18.0225","","-0.48%"
"16-06-2022","22.8675","22.1475","28.1300","19.7475","","3.25%"
"15-06-2022","22.1475","21.8875","22.3650","20.9500","","1.19%"
"14-06-2022","21.8875","22.3650","22.6350","18.9475","","-2.14%"
"13-06-2022","22.3650","19.5750","22.8025","19.5750","","14.25%"
"10-06-2022","19.5750","19.1400","19.7550","18.2550","","2.27%"
"09-06-2022","19.1400","19.8375","19.8375","18.1550","","-3.52%"
"08-06-2022","19.8375","20.4250","20.6875","19.3875","","-2.88%"
"07-06-2022","20.4250","20.2025","21.0700","19.4325","","1.10%"
"06-06-2022","20.2025","19.9750","20.6825","18.6500","","1.14%"
"03-06-2022","19.9750","20.3200","20.3200","18.7350","","-1.70%"
"02-06-2022","20.3200","20.8450","20.9975","18.3825","","-2.52%"
"01-06-2022","20.8450","20.4775","21.3375","18.2300","","1.79%"
"31-05-2022","20.4775","19.9800","20.7500","19.6800","","2.49%"
"30-05-2022","19.9800","21.4800","21.4800","19.7200","","-6.98%"
"27-05-2022","21.4800","22.7175","22.7175","21.2000","","-5.45%"
"26-05-2022","22.7175","25.2825","25.2825","22.5350","","-10.15%"
"25-05-2022","25.2825","25.6350","25.6350","24.3625","","-1.38%"
"24-05-2022","25.6350","23.3975","25.9900","23.1550","","9.56%"
"23-05-2022","23.3975","23.1000","23.9750","20.5000","","1.29%"
"20-05-2022","23.1000","24.5575","24.5575","22.4425","","-5.94%"
"19-05-2022","24.5575","22.2950","25.1475","22.2950","","10.15%"
"18-05-2022","22.2950","22.7425","23.0600","21.3400","","-1.97%"
"17-05-2022","22.7425","24.5275","24.8400","17.0950","","-7.28%"
"16-05-2022","24.5275","23.4850","24.7125","21.2750","","4.44%"
"13-05-2022","23.4850","24.2650","24.2650","20.9675","","-3.21%"
"12-05-2022","24.2650","22.8025","25.3150","21.1500","","6.41%"
"11-05-2022","22.8025","22.3025","24.1875","20.4825","","2.24%"
"10-05-2022","22.3025","22.0325","22.5150","21.2175","","1.23%"
"09-05-2022","22.0325","21.2500","22.5200","18.9600","","3.68%"
"06-05-2022","21.2500","20.2925","21.8100","19.3325","","4.72%"
"05-05-2022","20.2925","21.8775","21.8775","19.6150","","-7.24%"
"04-05-2022","21.8775","20.2825","22.3875","18.4275","","7.86%"
"02-05-2022","20.2825","19.4150","21.0625","19.4150","","4.47%"
"29-04-2022","19.4150","19.3775","19.6475","18.2075","","0.19%"
"28-04-2022","19.3775","20.6050","20.6050","19.0225","","-5.96%"
"27-04-2022","20.6050","19.1875","21.3650","19.1875","","7.39%"
"26-04-2022","19.1875","21.2575","21.2575","19.0050","","-9.74%"
"25-04-2022","21.2575","18.3525","21.7550","18.3525","","15.83%"
"22-04-2022","18.3525","17.8525","18.7600","17.8125","","2.80%"
"21-04-2022","17.8525","18.6725","18.6725","13.3500","","-4.39%"
"20-04-2022","18.6725","19.7750","20.2650","17.8350","","-5.58%"
"19-04-2022","19.7750","19.3350","20.8075","14.6275","","2.28%"
"18-04-2022","19.3350","17.7850","20.4825","17.7850","","8.72%"
"13-04-2022","17.7850","18.1575","18.4025","16.1925","","-2.05%"
"12-04-2022","18.1575","18.2700","18.6725","15.0850","","-0.62%"
"11-04-2022","18.2700","17.6875","19.1450","16.6425","","3.29%"
"08-04-2022","17.6875","18.9975","20.0875","17.5300","","-6.90%"
"07-04-2022","18.9975","19.0225","19.4900","17.7175","","-0.13%"
"06-04-2022","19.0225","18.4875","19.2825","16.8100","","2.89%"
"05-04-2022","18.4875","17.9075","18.6300","16.7900","","3.24%"
"04-04-2022","17.9075","18.4350","18.8250","17.5925","","-2.86%"
"01-04-2022","18.4350","20.5600","20.8550","18.1200","","-10.34%"
"31-03-2022","20.5600","20.6100","20.9425","20.2125","","-0.24%"
"30-03-2022","20.6100","21.3025","21.3025","19.7300","","-3.25%"
"29-03-2022","21.3025","22.6100","22.6100","21.1025","","-5.78%"
"28-03-2022","22.6100","23.4300","24.2125","19.5900","","-3.50%"
"25-03-2022","23.4300","23.9300","24.2725","22.9100","","-2.09%"
"24-03-2022","23.9300","24.7475","25.5300","23.8125","","-3.30%"
"23-03-2022","24.7475","24.0700","24.9750","20.4550","","2.81%"
"22-03-2022","24.0700","24.6225","25.1575","23.7600","","-2.24%"
"21-03-2022","24.6225","22.6100","24.7125","22.6100","","8.90%"
"17-03-2022","22.6100","24.1175","24.1175","20.7700","","-6.25%"
"16-03-2022","24.1175","26.7300","26.7300","24.0125","","-9.77%"
"15-03-2022","26.7300","25.6775","27.5425","23.6575","","4.10%"
"14-03-2022","25.6775","25.3450","26.2125","25.0900","","1.31%"
"11-03-2022","25.3450","25.5825","25.8725","24.5800","","-0.93%"
"10-03-2022","25.5825","27.4675","27.4675","22.9625","","-6.86%"
"09-03-2022","27.4675","28.5875","28.5875","27.3050","","-3.92%"
"08-03-2022","28.5875","29.3300","30.0575","27.1125","","-2.53%"
"07-03-2022","29.3300","27.9575","30.2775","27.9575","","4.91%"
"04-03-2022","27.9575","28.1550","29.9250","27.2225","","-0.70%"
"03-03-2022","28.1550","29.2325","29.2325","27.2225","","-3.69%"
"02-03-2022","29.2325","28.5700","30.8425","28.5700","","2.32%"
"28-02-2022","28.5700","26.7400","29.7850","26.7400","","6.84%"
"25-02-2022","26.7400","31.9825","31.9825","26.1500","","-16.39%"
"24-02-2022","31.9825","24.5425","33.9725","24.5425","","30.31%"
"23-02-2022","24.5425","26.6625","26.6625","23.9075","","-7.95%"
"22-02-2022","26.6625","22.9025","27.8150","22.9025","","16.42%"
"21-02-2022","22.9025","22.1650","23.7550","20.5700","","3.33%"
"18-02-2022","22.1650","22.0050","23.2100","21.6350","","0.73%"
"17-02-2022","22.0050","20.5925","22.3700","19.4625","","6.86%"
"16-02-2022","20.5925","20.6125","21.0200","19.3525","","-0.10%"
"15-02-2022","20.6125","22.9775","23.1400","20.4350","","-10.29%"
"14-02-2022","22.9775","18.6800","23.5350","18.6800","","23.01%"
"11-02-2022","18.6800","17.7100","19.5325","16.8550","","5.48%"
"10-02-2022","17.7100","18.5550","18.9250","16.8000","","-4.55%"
"09-02-2022","18.5550","19.6850","19.6850","17.8850","","-5.74%"
"08-02-2022","19.6850","20.4375","20.9375","19.5550","","-3.68%"
"07-02-2022","20.4375","18.8975","21.0825","18.1825","","8.15%"
"04-02-2022","18.8975","19.1600","19.7775","18.5950","","-1.37%"
"03-02-2022","19.1600","18.6500","19.5950","17.4075","","2.73%"
"02-02-2022","18.6500","19.9775","19.9775","18.5475","","-6.64%"
"01-02-2022","19.9775","21.9525","22.0700","19.7450","","-9.00%"
"31-01-2022","21.9525","20.6950","22.1100","20.6950","","6.08%"
"28-01-2022","20.6950","21.0650","21.3200","20.2825","","-1.76%"
"27-01-2022","21.0650","21.3575","23.8675","20.4425","","-1.37%"
"25-01-2022","21.3575","22.8250","24.1375","21.1800","","-6.43%"
"24-01-2022","22.8250","18.8875","23.9000","18.8875","","20.85%"
"21-01-2022","18.8875","17.7900","19.6050","16.9825","","6.17%"
"20-01-2022","17.7900","17.8175","18.4500","17.3200","","-0.15%"
"19-01-2022","17.8175","17.7800","18.4475","15.9400","","0.21%"
"18-01-2022","17.7800","16.7650","17.8750","16.7650","","6.05%"
"17-01-2022","16.7650","16.5550","17.5475","16.2675","","1.27%"
"14-01-2022","16.5550","16.7050","17.1000","15.3425","","-0.90%"
"13-01-2022","16.7050","17.1825","17.5250","16.6075","","-2.78%"
"12-01-2022","17.1825","17.7575","17.9250","16.5475","","-3.24%"
"11-01-2022","17.7575","17.6775","18.2475","16.4375","","0.45%"
"10-01-2022","17.6775","17.6025","18.3900","15.8425","","0.43%"
"07-01-2022","17.6025","17.9775","18.0900","16.8600","","-2.09%"
"06-01-2022","17.9775","17.2275","18.4175","16.4000","","4.35%"
"05-01-2022","17.2275","16.1200","17.3800","15.0875","","6.87%"
"04-01-2022","16.1200","16.4525","16.6750","15.7100","","-2.02%"
"03-01-2022","16.4525","16.2225","16.8100","15.4525","","1.42%"
"31-12-2021","16.2225","16.5650","16.7675","15.4000","","-2.07%"
"30-12-2021","16.5650","16.2425","16.7875","15.2925","","1.99%"
"29-12-2021","16.2425","16.4750","16.8625","15.8000","","-1.41%"
"28-12-2021","16.4750","17.1175","17.1175","15.2075","","-3.75%"
"27-12-2021","17.1175","16.1475","17.2775","15.2625","","6.01%"
"24-12-2021","16.1475","15.8250","16.6525","15.3325","","2.04%"
"23-12-2021","15.8250","16.5800","16.5800","15.6800","","-4.55%"
"22-12-2021","16.5800","17.5375","17.5375","15.6900","","-5.46%"
"21-12-2021","17.5375","18.9650","18.9650","16.6275","","-7.53%"
"20-12-2021","18.9650","16.3375","20.1350","16.3375","","16.08%"
"17-12-2021","16.3375","15.8950","16.9075","13.7600","","2.78%"
"16-12-2021","15.8950","17.2175","17.2175","15.2625","","-7.68%"
"15-12-2021","17.2175","16.9525","17.7125","15.7675","","1.56%"
"14-12-2021","16.9525","16.5700","17.3300","13.9375","","2.31%"
"13-12-2021","16.5700","16.0600","16.8600","14.6750","","3.18%"
"10-12-2021","16.0600","16.6025","16.9325","15.2100","","-3.27%"
"09-12-2021","16.6025","17.2650","17.4350","15.5400","","-3.84%"
"08-12-2021","17.2650","18.4600","18.4600","16.5650","","-6.47%"
"07-12-2021","18.4600","20.0775","20.0775","18.2425","","-8.06%"
"06-12-2021","20.0775","18.4550","20.4775","18.3000","","8.79%"
"03-12-2021","18.4550","18.0875","18.8325","17.2100","","2.03%"
"02-12-2021","18.0875","19.4475","22.9650","18.0025","","-6.99%"
"01-12-2021","19.4475","21.1675","21.1675","18.9350","","-8.13%"
"30-11-2021","21.1675","20.8300","21.9650","18.8075","","1.62%"
"29-11-2021","20.8300","20.8025","23.8200","18.8925","","0.13%"
"26-11-2021","20.8025","16.6625","21.3925","16.0500","","24.85%"
"25-11-2021","16.6625","17.0950","18.0725","16.0025","","-2.53%"
"24-11-2021","17.0950","18.0150","18.0150","15.5775","","-5.11%"
"23-11-2021","18.0150","17.5200","20.0250","16.7925","","2.83%"
"22-11-2021","17.5200","14.8575","18.0825","13.5625","","17.92%"
"18-11-2021","14.8575","14.9800","16.1475","12.0800","","-0.82%"
"17-11-2021","14.9800","15.1950","15.4125","13.9150","","-1.41%"
"16-11-2021","15.1950","15.4650","15.6825","13.5800","","-1.75%"
"15-11-2021","15.4650","15.2175","15.8425","13.4275","","1.63%"
"12-11-2021","15.2175","16.3525","16.3525","14.6450","","-6.94%"
"11-11-2021","16.3525","16.3050","17.2850","14.6450","","0.29%"
"10-11-2021","16.3050","16.0025","16.6850","15.1400","","1.89%"
"09-11-2021","16.0025","16.3400","16.6150","14.6425","","-2.07%"
"08-11-2021","16.3400","15.7475","16.9250","13.9900","","3.76%"
"04-11-2021","15.7475","16.1250","16.4125","14.3050","","-2.34%"
"03-11-2021","16.1250","17.0625","17.0625","15.7000","","-5.49%"
"02-11-2021","17.0625","17.2350","17.7875","16.3600","","-1.00%"
"01-11-2021","17.2350","17.4250","18.0950","15.3825","","-1.09%"
"29-10-2021","17.4250","17.9125","19.6400","16.2825","","-2.72%"
"28-10-2021","17.9125","16.8275","18.4325","16.8125","","6.45%"
"27-10-2021","16.8275","16.7525","17.0325","15.4025","","0.45%"
"26-10-2021","16.7525","17.6100","17.7250","16.6450","","-4.87%"
"25-10-2021","17.6100","17.5450","18.7575","14.5075","","0.37%"
"22-10-2021","17.5450","18.0350","18.0350","14.3550","","-2.72%"
"21-10-2021","18.0350","18.3125","18.7950","14.9075","","-1.52%"
"20-10-2021","18.3125","17.3825","18.8650","15.2325","","5.35%"
"19-10-2021","17.3825","17.1850","17.5425","14.2350","","1.15%"
"18-10-2021","17.1850","15.7675","17.3150","14.1550","","8.99%"
"14-10-2021","15.7675","16.1000","16.2850","12.6125","","-2.07%"
"13-10-2021","16.1000","15.8475","16.2200","13.3800","","1.59%"
"12-10-2021","15.8475","16.0850","16.3975","13.9375","","-1.48%"
"11-10-2021","16.0850","15.6525","16.4100","12.2300","","2.76%"
"08-10-2021","15.6525","16.1550","16.4025","15.5325","","-3.11%"
"07-10-2021","16.1550","17.3325","17.3325","14.4525","","-6.79%"
"06-10-2021","17.3325","16.3975","17.5900","16.1075","","5.70%"
"05-10-2021","16.3975","16.7350","17.1325","16.2950","","-2.02%"
"04-10-2021","16.7350","17.2100","17.5300","15.3175","","-2.76%"
"01-10-2021","17.2100","18.4025","19.0750","16.9975","","-6.48%"
"30-09-2021","18.4025","18.8375","19.1375","17.1500","","-2.31%"
"29-09-2021","18.8375","18.5350","19.4350","16.7575","","1.63%"
"28-09-2021","18.5350","18.0525","18.5700","15.3725","","2.67%"
"27-09-2021","18.0525","16.9225","18.1375","13.5150","","6.68%"
"24-09-2021","16.9225","16.6025","17.3300","12.7725","","1.93%"
"23-09-2021","16.6025","16.4925","16.9375","10.3125","","0.67%"
"22-09-2021","16.4925","16.5200","16.8600","13.2775","","-0.17%"
"21-09-2021","16.5200","17.4925","17.9975","13.0025","","-5.56%"
"20-09-2021","17.4925","15.2325","17.8075","10.2275","","14.84%"
"17-09-2021","15.2325","14.4125","15.6500","12.1375","","5.69%"
"16-09-2021","14.4125","13.7300","14.5250","9.0250","","4.97%"
"15-09-2021","13.7300","13.5750","13.8750","12.3700","","1.14%"
"14-09-2021","13.5750","14.0250","14.0250","10.8725","","-3.21%"
"13-09-2021","14.0250","13.9425","14.7775","11.9175","","0.59%"
"09-09-2021","13.9425","14.4100","14.4100","13.6375","","-3.24%"
"08-09-2021","14.4100","14.8950","15.0625","12.4850","","-3.26%"
"07-09-2021","14.8950","15.1050","15.2300","14.5850","","-1.39%"
"06-09-2021","15.1050","14.5425","15.2800","14.0550","","3.87%"
"03-09-2021","14.5425","14.2400","14.6450","13.5800","","2.12%"
"02-09-2021","14.2400","14.1850","14.3850","13.6100","","0.39%"
"01-09-2021","14.1850","14.5200","15.6300","13.9000","","-2.31%"
"31-08-2021","14.5200","13.3175","14.7650","12.6350","","9.03%"
"30-08-2021","13.3175","13.4050","13.6850","12.4025","","-0.65%"
"27-08-2021","13.4050","13.5375","13.7600","12.9400","","-0.98%"
"26-08-2021","13.5375","13.4975","14.1950","12.1125","","0.30%"
"25-08-2021","13.4975","13.1875","13.9725","12.2650","","2.35%"
"24-08-2021","13.1875","13.6850","14.5075","13.0975","","-3.64%"
"23-08-2021","13.6850","14.0150","14.4400","12.7250","","-2.35%"
"20-08-2021","14.0150","12.9050","14.1400","12.3475","","8.60%"
"18-08-2021","12.9050","13.4125","13.4125","11.1200","","-3.78%"
"17-08-2021","13.4125","13.4575","13.6100","12.0275","","-0.33%"
"16-08-2021","13.4575","12.9900","13.6575","11.3750","","3.60%"
"13-08-2021","12.9900","12.3725","13.1625","11.3950","","4.99%"
"12-08-2021","12.3725","12.7125","12.8175","11.3625","","-2.67%"
"11-08-2021","12.7125","12.7050","13.3275","10.4725","","0.06%"
"10-08-2021","12.7050","12.6050","13.0675","9.9825","","0.79%"
"09-08-2021","12.6050","12.6075","13.1100","12.0300","","-0.02%"
"06-08-2021","12.6075","12.8725","13.1625","11.6400","","-2.06%"
"05-08-2021","12.8725","13.2125","13.4175","11.2025","","-2.57%"
"04-08-2021","13.2125","13.7475","14.0575","12.6500","","-3.89%"
"03-08-2021","13.7475","12.8050","13.9050","11.9625","","7.36%"
"02-08-2021","12.8050","12.8025","13.0900","11.5175","","0.02%"
"30-07-2021","12.8025","12.9450","13.3200","12.1750","","-1.10%"
"29-07-2021","12.9450","13.6925","13.6925","12.4350","","-5.46%"
"28-07-2021","13.6925","13.2325","15.9800","11.3550","","3.48%"
"27-07-2021","13.2325","12.4500","13.5250","12.1025","","6.29%"
"26-07-2021","12.4500","11.7625","12.5400","10.3950","","5.84%"
"23-07-2021","11.7625","11.8850","12.1150","11.5675","","-1.03%"
"22-07-2021","11.8850","13.2050","13.2050","11.7175","","-10.00%"
"20-07-2021","13.2050","12.6800","14.0925","11.7875","","4.14%"
"19-07-2021","12.6800","11.7050","13.1975","11.7050","","8.33%"
"16-07-2021","11.7050","12.2700","12.3700","11.6250","","-4.60%"
"15-07-2021","12.2700","12.5900","12.9450","11.0825","","-2.54%"
"14-07-2021","12.5900","12.6225","12.9600","10.4850","","-0.26%"
"13-07-2021","12.6225","12.9925","12.9925","10.6725","","-2.85%"
"12-07-2021","12.9925","12.9425","13.6075","11.8100","","0.39%"
"09-07-2021","12.9425","13.5600","14.0025","12.1750","","-4.55%"
"08-07-2021","13.5600","12.2125","14.0075","12.0550","","11.03%"
"07-07-2021","12.2125","12.2750","12.5850","11.1475","","-0.51%"
"06-07-2021","12.2750","12.0675","12.3600","11.2900","","1.72%"
"05-07-2021","12.0675","12.0900","12.6225","11.9875","","-0.19%"
"02-07-2021","12.0900","12.8400","13.0200","12.0225","","-5.84%"
"01-07-2021","12.8400","13.0450","13.2825","12.3300","","-1.57%"
"30-06-2021","13.0450","13.0025","13.1400","12.6000","","0.33%"
"29-06-2021","13.0025","13.4025","13.4025","12.9025","","-2.98%"
"28-06-2021","13.4025","13.3675","13.7700","13.1175","","0.26%"
"25-06-2021","13.3675","15.0975","15.2675","13.2750","","-11.46%"
"24-06-2021","15.0975","15.3650","15.6375","14.9250","","-1.74%"
"23-06-2021","15.3650","14.7375","15.5350","13.6250","","4.26%"
"22-06-2021","14.7375","15.0600","15.1125","14.4250","","-2.14%"
"21-06-2021","15.0600","14.7975","16.4600","14.3750","","1.77%"
"18-06-2021","14.7975","15.2875","16.6200","10.6000","","-3.21%"
"17-06-2021","15.2875","14.8650","16.0500","14.5275","","2.84%"
"16-06-2021","14.8650","14.6050","15.3225","13.6175","","1.78%"
"15-06-2021","14.6050","14.7150","15.1625","13.2775","","-0.75%"
"14-06-2021","14.7150","14.1025","15.3075","13.7400","","4.34%"
"11-06-2021","14.1025","15.0025","15.0025","13.9375","","-6.00%"
"10-06-2021","15.0025","14.7525","15.2000","14.1775","","1.69%"
"09-06-2021","14.7525","15.2250","15.7425","11.9450","","-3.10%"
"08-06-2021","15.2250","15.5675","15.6000","13.5675","","-2.20%"
"07-06-2021","15.5675","15.9400","15.9400","14.7425","","-2.34%"
"04-06-2021","15.9400","15.7450","16.3825","14.9425","","1.24%"
"03-06-2021","15.7450","17.2100","17.2100","14.1475","","-8.51%"
"02-06-2021","17.2100","17.3875","17.6475","15.1675","","-1.02%"
"01-06-2021","17.3875","16.8850","17.9625","15.3100","","2.98%"
"31-05-2021","16.8850","17.4025","17.9900","16.4325","","-2.97%"
"28-05-2021","17.4025","19.9100","19.9100","17.3550","","-12.59%"
"27-05-2021","19.9100","20.8725","21.3225","18.3525","","-4.61%"
"26-05-2021","20.8725","18.8425","21.3025","17.2300","","10.77%"
"25-05-2021","18.8425","19.1300","21.0500","17.6875","","-1.50%"
"24-05-2021","19.1300","19.0800","19.8850","18.7200","","0.26%"
"21-05-2021","19.0800","19.6525","19.6525","17.1300","","-2.91%"
"20-05-2021","19.6525","19.3175","19.8375","18.0925","","1.73%"
"19-05-2021","19.3175","19.2400","19.5675","17.2300","","0.40%"
"18-05-2021","19.2400","19.6075","19.6075","18.3050","","-1.87%"
"17-05-2021","19.6075","20.2675","20.4250","18.3625","","-3.26%"
"14-05-2021","20.2675","20.0800","21.1525","18.2275","","0.93%"
"12-05-2021","20.0800","19.8300","20.9050","18.3600","","1.26%"
"11-05-2021","19.8300","20.2250","21.1175","19.7225","","-1.95%"
"10-05-2021","20.2250","20.8225","21.1475","20.1350","","-2.87%"
"07-05-2021","20.8225","22.0350","22.0350","20.3100","","-5.50%"
"06-05-2021","22.0350","21.9625","22.6125","20.1225","","0.33%"
"05-05-2021","21.9625","23.0100","23.1900","21.1350","","-4.55%"
"04-05-2021","23.0100","23.6925","23.6925","22.1775","","-2.88%"
"03-05-2021","23.6925","23.0275","24.5400","21.8400","","2.89%"
"30-04-2021","23.0275","23.3050","23.7650","22.5975","","-1.19%"
"29-04-2021","23.3050","22.5800","23.4225","22.1075","","3.21%"
"28-04-2021","22.5800","23.0825","23.1125","20.9675","","-2.18%"
"27-04-2021","23.0825","23.4950","23.6250","22.3200","","-1.76%"
"26-04-2021","23.4950","22.6900","23.5550","22.6175","","3.55%"
"23-04-2021","22.6900","23.0250","23.0525","20.2100","","-1.45%"
"22-04-2021","23.0250","22.4250","23.6075","22.4250","","2.68%"
"20-04-2021","22.4250","22.4850","22.7450","21.2375","","-0.27%"
"19-04-2021","22.4850","20.4025","23.1075","19.8075","","10.21%"
"16-04-2021","20.4025","20.8900","21.0900","19.4825","","-2.33%"
"15-04-2021","20.8900","20.4600","21.5450","18.2450","","2.10%"
"13-04-2021","20.4600","22.9950","22.9950","20.2975","","-11.02%"
"12-04-2021","22.9950","19.7850","23.3025","19.7850","","16.22%"
"09-04-2021","19.7850","20.3125","20.9675","19.6825","","-2.60%"
"08-04-2021","20.3125","20.2475","20.5850","19.1700","","0.32%"
"07-04-2021","20.2475","20.8400","21.2975","19.4300","","-2.84%"
"06-04-2021","20.8400","21.2150","22.2400","19.8050","","-1.77%"
"05-04-2021","21.2150","19.9875","23.3050","19.9875","","6.14%"
"01-04-2021","19.9875","20.6450","20.6750","19.7300","","-3.18%"
"31-03-2021","20.6450","20.4850","20.8300","19.9950","","0.78%"
"30-03-2021","20.4850","20.6500","20.6500","19.5675","","-0.80%"
"26-03-2021","20.6500","22.6975","22.9175","18.2250","","-9.02%"
"25-03-2021","22.6975","22.4550","23.3125","21.1200","","1.08%"
"24-03-2021","22.4550","20.6650","22.6875","19.7450","","8.66%"
"23-03-2021","20.6650","20.4925","22.1350","20.4925","","0.84%"
"22-03-2021","20.4925","19.9875","21.2325","18.9700","","2.53%"
"19-03-2021","19.9875","20.0800","21.8650","18.7250","","-0.46%"
"18-03-2021","20.0800","20.1575","20.9475","16.6825","","-0.38%"
"17-03-2021","20.1575","20.1900","20.4200","18.6200","","-0.16%"
"16-03-2021","20.1900","21.2275","21.2275","18.0625","","-4.89%"
"15-03-2021","21.2275","21.7075","22.9325","20.9950","","-2.21%"
"12-03-2021","21.7075","20.7475","22.6700","18.5375","","4.63%"
"10-03-2021","20.7475","22.4950","22.4950","19.3150","","-7.77%"
"09-03-2021","22.4950","24.6750","24.6750","21.4375","","-8.83%"
"08-03-2021","24.6750","25.5600","25.6525","21.2025","","-3.46%"
"05-03-2021","25.5600","24.1500","26.4075","22.8625","","5.84%"
"04-03-2021","24.1500","22.0900","24.5775","22.0900","","9.33%"
"03-03-2021","22.0900","23.6050","23.6050","21.8150","","-6.42%"
"02-03-2021","23.6050","25.6250","25.6250","23.2100","","-7.88%"
"01-03-2021","25.6250","28.1425","28.1425","24.9500","","-8.95%"
"26-02-2021","28.1425","22.8925","29.6450","22.8925","","22.93%"
"25-02-2021","22.8925","24.1675","24.1675","22.6275","","-5.28%"
"24-02-2021","24.1675","25.2275","25.2275","23.4825","","-4.20%"
"23-02-2021","25.2275","25.4700","25.6425","23.8575","","-0.95%"
"22-02-2021","25.4700","22.2500","25.8200","20.0225","","14.47%"
"19-02-2021","22.2500","21.5425","22.8675","19.3450","","3.28%"
"18-02-2021","21.5425","21.5050","22.0850","19.9625","","0.17%"
"17-02-2021","21.5050","21.7800","21.8800","21.0975","","-1.26%"
"16-02-2021","21.7800","21.4750","22.1150","20.5350","","1.42%"
"15-02-2021","21.4750","22.0425","22.3900","20.8225","","-2.57%"
"12-02-2021","22.0425","23.0450","23.0650","20.8925","","-4.35%"
"11-02-2021","23.0450","23.9525","24.2225","21.0175","","-3.79%"
"10-02-2021","23.9525","24.2700","24.9550","20.9075","","-1.31%"
"09-02-2021","24.2700","23.9575","24.4675","21.4325","","1.30%"
"08-02-2021","23.9575","23.4150","24.3450","22.1775","","2.32%"
"05-02-2021","23.4150","23.1225","23.9350","20.0800","","1.27%"
"04-02-2021","23.1225","23.7450","23.9325","22.0900","","-2.62%"
"03-02-2021","23.7450","23.3450","24.1975","20.9475","","1.71%"
"02-02-2021","23.3450","23.3225","23.6100","21.0025","","0.10%"
"01-02-2021","23.3225","25.3425","25.9250","22.6000","","-7.97%"
"29-01-2021","25.3425","24.2900","25.9900","22.0800","","4.33%"
"28-01-2021","24.2900","24.3925","25.2950","23.4350","","-0.42%"
"27-01-2021","24.3925","23.2450","24.7475","20.8300","","4.94%"
"25-01-2021","23.2450","22.4225","23.8100","20.3375","","3.67%"
"22-01-2021","22.4225","22.1800","23.0400","18.7300","","1.09%"
"21-01-2021","22.1800","21.5500","22.7775","18.6175","","2.92%"
"20-01-2021","21.5500","22.8975","23.1850","19.3300","","-5.88%"
"19-01-2021","22.8975","24.3950","24.3950","20.3600","","-6.14%"
"18-01-2021","24.3950","24.0100","25.4125","23.5675","","1.60%"
"15-01-2021","24.0100","23.0275","24.6775","23.0275","","4.27%"
"14-01-2021","23.0275","23.2925","23.7025","22.8075","","-1.14%"
"13-01-2021","23.2925","22.8475","24.0475","22.3700","","1.95%"
"12-01-2021","22.8475","22.3825","23.2600","22.2925","","2.08%"
"11-01-2021","22.3825","20.6400","22.7450","20.6400","","8.44%"
"08-01-2021","20.6400","20.6150","20.8500","17.3800","","0.12%"
"07-01-2021","20.6150","20.9950","20.9950","20.1375","","-1.81%"
"06-01-2021","20.9950","20.4600","21.6300","20.4250","","2.61%"
"05-01-2021","20.4600","20.0300","21.0050","20.0300","","2.15%"
"04-01-2021","20.0300","19.5600","21.0275","19.3350","","2.40%"
"01-01-2021","19.5600","21.0950","21.3325","19.2625","","-7.28%"
"31-12-2020","21.0950","21.1100","21.5050","19.1900","","-0.07%"
"30-12-2020","21.1100","20.7900","21.5875","20.7900","","1.54%"
"29-12-2020","20.7900","20.4275","21.2125","17.6275","","1.77%"
"28-12-2020","20.4275","19.9675","21.0225","18.5975","","2.30%"
"24-12-2020","19.9675","20.4950","20.9525","15.6450","","-2.57%"
"23-12-2020","20.4950","21.9850","22.0825","19.3950","","-6.78%"
"22-12-2020","21.9850","23.1900","24.4800","16.5925","","-5.20%"
"21-12-2020","23.1900","18.6225","23.6800","18.6225","","24.53%"
"18-12-2020","18.6225","19.1575","19.4925","14.5550","","-2.79%"
"17-12-2020","19.1575","19.2000","21.6225","14.0525","","-0.22%"
"16-12-2020","19.2000","19.3450","19.3975","18.6075","","-0.75%"
"15-12-2020","19.3450","19.4025","19.8275","15.6925","","-0.30%"
"14-12-2020","19.4025","18.7900","19.6425","15.3275","","3.26%"
"11-12-2020","18.7900","18.7125","19.2850","17.3625","","0.41%"
"10-12-2020","18.7125","18.9200","19.3850","17.4225","","-1.10%"
"09-12-2020","18.9200","18.6175","19.6300","16.2200","","1.62%"
"08-12-2020","18.6175","18.0250","18.7950","16.2675","","3.29%"
"07-12-2020","18.0250","18.0275","18.3150","16.9500","","-0.01%"
"04-12-2020","18.0275","19.0000","19.0350","16.5300","","-5.12%"
"03-12-2020","19.0000","19.9075","19.9075","17.7225","","-4.56%"
"02-12-2020","19.9075","20.1825","20.5525","17.9625","","-1.36%"
"01-12-2020","20.1825","19.8175","21.2350","19.2450","","1.84%"
"27-11-2020","19.8175","20.0225","21.2800","17.6250","","-1.02%"
"26-11-2020","20.0225","23.1275","23.1275","19.4375","","-13.43%"
"25-11-2020","23.1275","21.0575","23.4950","20.6800","","9.83%"
"24-11-2020","21.0575","20.7975","22.0000","20.0250","","1.25%"
"23-11-2020","20.7975","19.6175","20.8625","16.9100","","6.02%"
"20-11-2020","19.6175","19.5700","19.8075","16.9975","","0.24%"
"19-11-2020","19.5700","19.1200","19.9825","16.3250","","2.35%"
"18-11-2020","19.1200","19.8025","19.8025","15.7200","","-3.45%"
"17-11-2020","19.8025","19.1300","20.4050","18.4025","","0.51%"
"13-11-2020","19.7025","20.6200","29.5250","19.5575","","-4.45%"
"12-11-2020","20.6200","22.0325","22.0325","19.7875","","-6.41%"
"11-11-2020","22.0325","21.5775","22.3750","18.9950","","2.11%"
"10-11-2020","21.5775","20.1125","21.8450","19.8950","","7.28%"
"09-11-2020","20.1125","20.4975","21.0475","17.5800","","-1.88%"
"06-11-2020","20.4975","20.9650","20.9650","19.2825","","-2.23%"
"05-11-2020","20.9650","23.2000","23.2000","19.9900","","-9.63%"
"04-11-2020","23.2000","24.2400","24.2400","20.6725","","-4.29%"
"03-11-2020","24.2400","25.2100","25.3325","22.9175","","-3.85%"
"02-11-2020","25.2100","24.7525","25.9175","24.2200","","1.85%"
"30-10-2020","24.7525","24.0225","26.3000","21.7250","","3.04%"
"29-10-2020","24.0225","23.2800","24.3600","22.2825","","3.19%"
"28-10-2020","23.2800","22.1950","23.4650","20.0800","","4.89%"
"27-10-2020","22.1950","22.8325","23.1675","22.1225","","-2.79%"
"26-10-2020","22.8325","21.8275","23.4050","21.3200","","4.60%"
"23-10-2020","21.8275","22.6350","22.7800","19.8325","","-3.57%"
"22-10-2020","22.6350","22.9150","23.5150","17.4400","","-1.22%"
"21-10-2020","22.9150","22.6900","23.5450","18.3775","","0.99%"
"20-10-2020","22.6900","21.8175","22.7925","18.7900","","4.00%"
"19-10-2020","21.8175","21.6450","22.3175","15.4650","","0.80%"
"16-10-2020","21.6450","22.0575","22.4175","20.4850","","-1.87%"
"15-10-2020","22.0575","20.2100","22.2750","19.0375","","9.14%"
"14-10-2020","20.2100","20.7150","20.9625","18.4250","","-2.44%"
"13-10-2020","20.7150","21.1275","21.6500","20.5250","","-1.95%"
"12-10-2020","21.1275","20.3800","22.1000","19.3900","","3.67%"
"09-10-2020","20.3800","20.3800","21.0075","17.5100","","0.00%"
"08-10-2020","20.3800","20.0600","20.8550","18.9775","","1.60%"
"07-10-2020","20.0600","19.6350","20.3375","19.0675","","2.16%"
"06-10-2020","19.6350","19.7050","19.8925","18.3600","","-0.36%"
"05-10-2020","19.7050","18.3500","20.0250","18.3500","","7.38%"
"01-10-2020","18.3500","19.5300","19.5300","17.3750","","-6.04%"
"30-09-2020","19.5300","19.7750","20.2150","17.6750","","-1.24%"
"29-09-2020","19.7750","19.5725","20.1975","18.4275","","1.03%"
"28-09-2020","19.5725","20.6750","21.0975","19.3500","","-5.33%"
"25-09-2020","20.6750","23.5100","23.5100","18.6675","","-12.06%"
"24-09-2020","23.5100","20.9900","23.8175","20.9250","","12.01%"
"23-09-2020","20.9900","21.4100","22.4775","19.3700","","-1.96%"
"22-09-2020","21.4100","22.1875","23.2750","15.7550","","-3.50%"
"21-09-2020","22.1875","20.0450","22.9925","18.2675","","10.69%"
"18-09-2020","20.0450","20.1000","20.7700","17.5825","","-0.27%"
"17-09-2020","20.1000","19.6600","20.6825","17.5525","","2.24%"
"16-09-2020","19.6600","20.5975","20.5975","16.3250","","-4.55%"
"15-09-2020","20.5975","21.1900","21.1900","18.8975","","-2.80%"
"14-09-2020","21.1900","20.7125","21.7400","17.5325","","2.31%"
"11-09-2020","20.7125","21.2625","21.3450","18.1725","","-2.59%"
"10-09-2020","21.2625","22.2300","22.2300","17.7000","","-4.35%"
"09-09-2020","22.2300","22.7225","23.2700","20.1975","","-2.17%"
"08-09-2020","22.7225","22.0075","23.0725","17.5700","","3.25%"
"07-09-2020","22.0075","22.1525","23.2475","17.2450","","-0.65%"
"04-09-2020","22.1525","20.5025","22.6475","19.8575","","8.05%"
"03-09-2020","20.5025","21.1050","21.1050","18.1600","","-2.85%"
"02-09-2020","21.1050","21.8000","22.4950","19.8525","","-3.19%"
"01-09-2020","21.8000","22.8350","23.2425","21.1100","","-4.53%"
"31-08-2020","22.8350","18.3475","23.8725","16.4000","","24.46%"
"28-08-2020","18.3475","18.8950","18.8950","16.6550","","-2.90%"
"27-08-2020","18.8950","19.3025","19.4700","17.4525","","-2.11%"
"26-08-2020","19.3025","19.3150","19.5925","17.2225","","-0.06%"
"25-08-2020","19.3150","19.2300","19.8050","15.4225","","0.44%"
"24-08-2020","19.2300","19.9375","20.0675","17.8875","","-3.55%"
"21-08-2020","19.9375","20.6175","20.6175","14.8850","","-3.30%"
"20-08-2020","20.6175","19.9575","21.0800","17.6625","","3.31%"
"19-08-2020","19.9575","20.4300","20.4300","17.8350","","-2.31%"
"18-08-2020","20.4300","21.3075","21.3075","18.2525","","-4.12%"
"17-08-2020","21.3075","21.6725","22.8775","19.5575","","-1.68%"
"14-08-2020","21.6725","20.5675","22.9700","16.3400","","5.37%"
"13-08-2020","20.5675","20.8450","21.1900","19.4600","","-1.33%"
"12-08-2020","20.8450","21.3600","21.9225","16.8500","","-2.41%"
"11-08-2020","21.3600","22.5100","22.5100","20.2150","","-5.11%"
"10-08-2020","22.5100","22.5775","23.0150","21.4525","","-0.30%"
"07-08-2020","22.5775","23.1500","23.3100","21.7550","","-2.47%"
"06-08-2020","23.1500","23.5675","23.7050","22.5250","","-1.77%"
"05-08-2020","23.5675","23.8150","23.9325","21.8250","","-1.04%"
"04-08-2020","23.8150","25.1850","25.1850","23.5550","","-5.44%"
"03-08-2020","25.1850","24.1925","25.6900","23.2625","","4.10%"
"31-07-2020","24.1925","24.7275","25.3725","23.9675","","-2.16%"
"30-07-2020","24.7275","24.1125","25.1425","22.0900","","2.55%"
"29-07-2020","24.1125","23.6425","24.4975","23.6425","","1.99%"
"28-07-2020","23.6425","25.0175","25.2150","23.5450","","-5.50%"
"27-07-2020","25.0175","24.5350","25.7175","23.2900","","1.97%"
"24-07-2020","24.5350","24.6400","25.2950","22.7375","","-0.43%"
"23-07-2020","24.6400","24.8850","24.9350","24.0075","","-0.98%"
"22-07-2020","24.8850","24.4275","25.8025","23.7300","","1.87%"
"21-07-2020","24.4275","24.7125","24.7125","23.7250","","-1.15%"
"20-07-2020","24.7125","24.1575","25.1200","24.1575","","2.30%"
"17-07-2020","24.1575","25.3625","25.5025","23.7700","","-4.75%"
"16-07-2020","25.3625","26.2900","26.5975","25.2450","","-3.53%"
"15-07-2020","26.2900","26.6375","26.6375","23.7400","","-1.30%"
"14-07-2020","26.6375","25.2525","27.2650","25.2525","","5.48%"
"13-07-2020","25.2525","24.9425","25.9075","22.8050","","1.24%"
"10-07-2020","24.9425","24.9125","25.4775","23.4850","","0.12%"
"09-07-2020","24.9125","26.1000","27.6575","24.7350","","-4.55%"
"08-07-2020","26.1000","25.1025","26.3550","25.0300","","3.97%"
"07-07-2020","25.1025","25.1975","25.6450","24.2400","","-0.38%"
"06-07-2020","25.1975","25.7675","26.1750","24.5425","","-2.21%"
"03-07-2020","25.7675","26.5075","26.7750","25.6275","","-2.79%"
"02-07-2020","26.5075","28.1175","28.1175","26.3150","","-5.73%"
"01-07-2020","28.1175","29.1175","29.1625","27.9375","","-3.43%"
"30-06-2020","29.1175","28.9100","29.6325","28.4050","","0.72%"
"29-06-2020","28.9100","28.7350","30.4500","27.9800","","0.61%"
"26-06-2020","28.7350","29.7275","30.0650","28.3150","","-3.34%"
"25-06-2020","29.7275","29.5775","31.2850","29.0575","","0.51%"
"24-06-2020","29.5775","29.3400","30.5300","27.7900","","0.81%"
"23-06-2020","29.3400","30.4600","31.1475","29.2425","","-3.68%"
"22-06-2020","30.4600","29.9650","30.9825","29.9650","","1.65%"
"19-06-2020","29.9650","31.4550","31.9125","29.6775","","-4.74%"
"18-06-2020","31.4550","33.3550","33.4225","31.2175","","-5.70%"
"17-06-2020","33.3550","32.9650","34.0175","29.0500","","1.18%"
"16-06-2020","32.9650","32.5775","35.3125","30.4075","","1.19%"
"15-06-2020","32.5775","30.8225","33.7775","29.9150","","5.69%"
"12-06-2020","30.8225","29.6600","32.8750","29.6600","","3.92%"
"11-06-2020","29.6600","29.4375","30.4200","28.3900","","0.76%"
"10-06-2020","29.4375","30.2050","30.2050","28.7275","","-2.54%"
"09-06-2020","30.2050","29.6475","30.3400","27.2400","","1.88%"
"08-06-2020","29.6475","28.6800","30.1450","27.7975","","3.37%"
"05-06-2020","28.6800","29.6900","29.6900","25.9200","","-3.40%"
"04-06-2020","29.6900","30.0425","30.2650","28.4500","","-1.17%"
"03-06-2020","30.0425","30.1150","30.4025","29.3350","","-0.24%"
"02-06-2020","30.1150","30.7425","30.9175","27.9025","","-2.04%"
"01-06-2020","30.7425","30.2200","32.1725","28.8325","","1.73%"
"29-05-2020","30.2200","30.0175","30.5675","27.4100","","0.67%"
"28-05-2020","30.0175","31.2725","31.2725","29.1950","","-4.01%"
"27-05-2020","31.2725","31.4700","32.0150","28.8550","","-0.63%"
"26-05-2020","31.4700","32.3775","33.2100","30.9725","","-2.80%"
"22-05-2020","32.3775","32.9850","34.3600","26.3350","","-1.84%"
"21-05-2020","32.9850","35.8100","35.8100","32.5750","","-7.89%"
"20-05-2020","35.8100","39.4525","39.4525","34.0950","","-9.23%"
"19-05-2020","39.4525","40.9150","40.9150","37.9525","","-3.57%"
"18-05-2020","40.9150","38.0175","41.2450","27.9350","","7.62%"
"15-05-2020","38.0175","38.1825","38.4600","34.0550","","-0.43%"
"14-05-2020","38.1825","38.8350","38.8350","35.7950","","-1.68%"
"13-05-2020","38.8350","38.2050","39.0475","33.4400","","1.65%"
"12-05-2020","38.2050","38.0375","38.8125","35.2450","","0.44%"
"11-05-2020","38.0375","38.4075","38.4950","36.9475","","-0.96%"
"08-05-2020","38.4075","39.9300","39.9300","36.5475","","-3.81%"
"07-05-2020","39.9300","41.2475","41.7150","39.6575","","-3.19%"
"06-05-2020","41.2475","43.6075","43.6300","40.1975","","-5.41%"
"05-05-2020","43.6075","43.6700","43.8650","38.1475","","-0.14%"
"04-05-2020","43.6700","33.9875","43.9200","33.9875","","28.49%"
"30-04-2020","33.9875","33.8375","34.2525","32.5350","","0.44%"
"29-04-2020","33.8375","35.3550","35.3550","31.4825","","-4.29%"
"28-04-2020","35.3550","38.0425","41.9125","35.0675","","-7.06%"
"27-04-2020","38.0425","39.1175","40.1675","35.2125","","-2.75%"
"24-04-2020","39.1175","39.2300","39.9475","34.9825","","-0.29%"
"23-04-2020","39.2300","42.8225","42.8225","36.9975","","-8.39%"
"22-04-2020","42.8225","45.1975","45.4250","40.4650","","-5.25%"
"21-04-2020","45.1975","43.4550","45.9625","36.2150","","4.01%"
"20-04-2020","43.4550","42.5925","44.0375","40.2950","","2.03%"
"17-04-2020","42.5925","46.0950","46.0950","40.3050","","-7.60%"
"16-04-2020","46.0950","49.7350","49.7350","42.2550","","-7.32%"
"15-04-2020","49.7350","51.4575","51.4575","44.6475","","-3.35%"
"13-04-2020","51.4575","49.7450","52.4925","43.6350","","3.44%"
"09-04-2020","49.7450","52.2425","52.2425","46.9025","","-4.78%"
"08-04-2020","52.2425","51.8000","53.7325","46.9750","","0.85%"
"07-04-2020","51.8000","55.3025","55.3025","49.9425","","-6.33%"
"03-04-2020","55.3025","60.0525","60.5900","54.9000","","-7.91%"
"01-04-2020","60.0525","64.4075","64.4075","59.7800","","-6.76%"
"31-03-2020","64.4075","71.8900","71.8900","63.6075","","-10.41%"
"30-03-2020","71.8900","70.3850","73.3650","70.2800","","2.14%"
"27-03-2020","70.3850","71.5325","73.0300","65.6325","","-1.60%"
"26-03-2020","71.5325","77.6250","79.4050","70.6750","","-7.85%"
"25-03-2020","77.6250","83.6075","84.5975","75.9725","","-7.16%"
"24-03-2020","83.6075","71.9850","86.6350","71.9850","","16.15%"
"23-03-2020","71.9850","67.1000","73.3675","66.3175","","7.28%"
"20-03-2020","67.1000","72.1975","72.9650","65.3800","","-7.06%"
"19-03-2020","72.1975","63.9550","73.3425","63.0950","","12.89%"
"18-03-2020","63.9550","62.9250","64.5775","61.1525","","1.64%"
"17-03-2020","62.9250","58.8750","63.4400","57.2500","","6.88%"
"16-03-2020","58.8750","51.4725","59.8650","51.4725","","14.38%"
"13-03-2020","51.4725","41.1625","59.4825","41.1625","","25.05%"
"12-03-2020","41.1625","31.5550","42.3275","29.8100","","30.45%"
"11-03-2020","31.5550","30.8000","33.2375","29.6500","","2.45%"
"09-03-2020","30.8000","25.6425","34.3550","21.4250","","20.11%"
"06-03-2020","25.6425","23.2475","27.5500","23.2475","","10.30%"
"05-03-2020","23.2475","24.2250","24.2250","22.1250","","-4.04%"
"04-03-2020","24.2250","24.5425","26.2875","22.4250","","-1.29%"
"03-03-2020","24.5425","25.2025","26.4900","21.5425","","-2.62%"
"02-03-2020","25.2025","23.2350","26.3425","19.9200","","8.47%"
"28-02-2020","23.2350","17.7650","23.6975","17.4825","","30.79%"
"27-02-2020","17.7650","18.2600","19.1550","16.8275","","-2.71%"
"26-02-2020","18.2600","16.8975","18.8650","16.5025","","8.06%"
"25-02-2020","16.8975","16.9975","17.3175","15.6200","","-0.59%"
"24-02-2020","16.9975","13.7000","17.3750","12.2950","","24.07%"
"20-02-2020","13.7000","14.0225","14.0275","10.1650","","-2.30%"
"19-02-2020","14.0225","14.5100","14.5100","13.4825","","-3.36%"
"18-02-2020","14.5100","14.4150","14.8200","11.3750","","0.66%"
"17-02-2020","14.4150","13.6150","14.6175","13.3800","","5.88%"
"14-02-2020","13.6150","13.3700","13.9875","11.9025","","1.83%"
"13-02-2020","13.3700","13.6225","13.6725","11.8000","","-1.85%"
"12-02-2020","13.6225","13.8800","13.8800","13.1475","","-1.86%"
"11-02-2020","13.8800","14.2100","14.2100","11.3750","","-2.32%"
"10-02-2020","14.2100","13.7475","14.6000","12.9650","","3.36%"
"07-02-2020","13.7475","13.7800","13.9925","12.9750","","-0.24%"
"06-02-2020","13.7800","14.1725","14.2425","12.6450","","-2.77%"
"05-02-2020","14.1725","14.3800","14.5250","13.8175","","-1.44%"
"04-02-2020","14.3800","15.7825","15.7825","14.3100","","-8.89%"
"03-02-2020","15.7825","16.8350","17.0300","15.4825","","-6.25%"
"01-02-2020","16.8350","16.8600","17.9150","16.0350","","-3.07%"
"31-01-2020","17.3675","16.7975","17.5900","14.9025","","3.39%"
"30-01-2020","16.7975","16.4975","17.1400","15.3800","","1.82%"
"29-01-2020","16.4975","17.2975","17.2975","15.6525","","-4.62%"
"28-01-2020","17.2975","17.1750","17.6150","16.9575","","0.71%"
"27-01-2020","17.1750","15.5600","17.3400","14.6825","","10.38%"
"24-01-2020","15.5600","15.8550","16.2150","14.5925","","-1.86%"
"23-01-2020","15.8550","16.3600","16.7075","15.7775","","-3.09%"
"22-01-2020","16.3600","15.8625","16.6100","15.3575","","3.14%"
"21-01-2020","15.8625","15.4100","16.0400","15.0725","","2.94%"
"20-01-2020","15.4100","14.1275","15.4950","12.4650","","9.08%"
"17-01-2020","14.1275","14.1825","14.5300","12.5025","","-0.39%"
"16-01-2020","14.1825","14.1200","14.3650","12.5975","","0.44%"
"15-01-2020","14.1200","13.9125","14.4575","13.5850","","1.49%"
"14-01-2020","13.9125","14.2750","14.2750","13.0625","","-2.54%"
"13-01-2020","14.2750","14.0775","14.4950","13.5775","","1.40%"
"10-01-2020","14.0775","13.9975","14.2450","13.1775","","0.57%"
"09-01-2020","13.9975","15.6400","15.6400","12.9950","","-10.50%"
"08-01-2020","15.6400","14.6100","16.3875","13.7925","","7.05%"
"07-01-2020","14.6100","14.7775","14.9125","14.4625","","-1.13%"
"06-01-2020","14.7775","12.6950","15.0950","12.6950","","16.40%"
"03-01-2020","12.6950","11.4900","12.9400","10.6850","","10.49%"
"02-01-2020","11.4900","11.5975","11.7000","10.7300","","-0.93%"
"01-01-2020","11.5975","11.6675","11.7300","11.0850","","-0.60%"