Date,Price,Open,High,Low,Vol.,Change %,WAD,MA20,MA10
01-04-2024,518.45,533.0,537.85,515.2,2.55M,-1.98%,-156.29999999999984,601.5325,590.675
28-03-2024,528.9,524.95,533.5,521.6,4.21M,2.37%,-145.8499999999999,596.5,582.615
27-03-2024,516.65,513.3,527.0,513.3,3.17M,0.67%,-158.0999999999999,592.1675,572.635
26-03-2024,513.2,520.95,528.7,509.45,2.41M,-0.44%,-173.5999999999999,587.7825,562.35
22-03-2024,515.45,504.8,517.5,500.05,2.68M,2.16%,-158.19999999999987,583.3199999999999,552.585
21-03-2024,504.55,494.5,507.0,492.8,2.46M,3.15%,-169.0999999999999,578.5274999999999,540.2900000000001
20-03-2024,489.15,482.0,494.9,478.65,1.67M,1.32%,-184.49999999999994,572.1674999999999,529.295
19-03-2024,482.8,487.95,495.9,475.0,1.85M,-2.54%,-197.5999999999999,565.735,519.2700000000001
18-03-2024,495.4,500.0,502.15,481.0,2.66M,-0.50%,-183.19999999999993,559.17,510.675
15-03-2024,497.9,481.0,499.5,472.55,5.94M,4.41%,-157.84999999999997,552.64,506.24500000000006
14-03-2024,476.85,460.0,481.85,452.2,3.20M,3.43%,-178.89999999999992,546.38,502.0849999999999
13-03-2024,461.05,507.8,507.8,460.0,5.55M,-9.47%,-225.64999999999992,538.9575,495.3
12-03-2024,509.3,509.0,513.95,491.15,3.64M,0.06%,-177.39999999999992,533.6,494.56500000000005
11-03-2024,509.0,516.0,516.8,501.55,1.65M,-1.21%,-185.19999999999987,528.2475000000001,494.1450000000001
07-03-2024,515.25,514.0,527.0,510.75,1.55M,0.62%,-178.94999999999987,523.355,494.125
06-03-2024,512.05,512.7,516.4,494.25,3.36M,0.50%,-183.2999999999999,517.5825,494.875
05-03-2024,509.5,517.0,519.8,507.1,1.27M,-1.43%,-193.59999999999985,513.1025,496.91
04-03-2024,516.9,506.8,520.7,506.0,7.04M,2.36%,-182.69999999999987,509.79499999999996,500.32
02-03-2024,505.0,506.8,508.0,503.15,139.89K,0.27%,-194.59999999999985,505.97749999999996,501.28000000000003
01-03-2024,503.65,508.3,514.8,501.25,4.23M,-0.91%,-205.74999999999983,504.05,501.8549999999999
29-02-2024,508.3,507.0,511.8,490.2,6.05M,0.14%,-187.6499999999998,503.5425,505.0
28-02-2024,507.6,522.5,523.5,503.0,3.25M,-2.73%,-203.54999999999978,502.4775000000001,509.65500000000003
27-02-2024,521.85,525.45,532.5,500.85,5.94M,-0.35%,-182.54999999999978,502.7375,510.90999999999997
26-02-2024,523.7,511.5,537.95,510.25,14.22M,3.32%,-169.09999999999974,503.2625,512.3799999999999
23-02-2024,506.85,489.75,510.75,486.1,5.30M,3.86%,-185.94999999999976,502.8325,511.53999999999996
22-02-2024,488.0,485.9,496.6,482.8,2.11M,0.69%,-204.79999999999978,502.005,509.13500000000005
21-02-2024,484.65,490.6,494.0,480.6,1.55M,-1.21%,-214.1499999999998,501.78000000000003,506.65
20-02-2024,490.6,497.75,498.0,486.5,2.42M,-1.73%,-208.19999999999976,502.16999999999996,504.02
19-02-2024,499.25,484.1,501.9,480.5,4.57M,3.91%,-189.44999999999976,502.3625,503.445
16-02-2024,480.45,488.4,489.5,479.15,1.13M,-0.76%,-208.24999999999977,501.49000000000007,501.125
15-02-2024,484.15,484.5,493.3,483.0,2.20M,0.93%,-204.54999999999978,501.855,498.71000000000004
14-02-2024,479.7,474.0,485.7,474.0,2.32M,-1.51%,-210.54999999999978,502.7875,495.91999999999996
13-02-2024,487.05,507.45,507.45,484.75,4.13M,-2.04%,-203.19999999999976,501.675,492.44000000000005
12-02-2024,497.2,507.65,521.65,494.5,6.12M,-0.60%,-193.04999999999978,501.0849999999999,489.7900000000001
09-02-2024,500.2,509.0,511.9,484.1,3.19M,-1.31%,-176.94999999999982,500.3325,489.125
08-02-2024,506.85,496.9,520.0,496.8,5.70M,2.61%,-166.8999999999998,500.07250000000005,491.01000000000005
07-02-2024,493.95,493.9,509.35,491.7,3.37M,0.47%,-182.29999999999984,499.29499999999996,491.94000000000005
06-02-2024,491.65,495.2,503.8,487.1,2.05M,-0.25%,-194.44999999999987,498.0325000000001,492.04499999999996
05-02-2024,492.9,487.8,506.95,485.8,2.92M,2.07%,-187.3499999999999,497.42750000000007,491.41
02-02-2024,482.9,494.8,501.85,477.85,2.77M,-1.78%,-206.29999999999995,496.39,491.65500000000003
01-02-2024,491.65,507.5,507.5,490.0,1.93M,-2.60%,-197.54999999999995,495.5575,492.4049999999999
31-01-2024,504.75,494.5,508.6,491.15,2.89M,3.02%,-183.94999999999993,495.41499999999996,494.90999999999997
30-01-2024,489.95,499.0,500.4,487.65,1.73M,-1.28%,-198.74999999999994,493.82,495.2
29-01-2024,496.3,492.45,504.85,490.95,2.30M,1.77%,-192.39999999999992,492.45,495.10999999999996
25-01-2024,487.65,492.85,501.25,481.2,1.87M,-0.24%,-205.99999999999994,491.48999999999995,493.855
24-01-2024,488.8,475.0,498.5,467.1,6.19M,0.80%,-184.29999999999995,491.53000000000003,492.05
23-01-2024,484.9,513.0,516.2,474.0,4.06M,-5.04%,-215.60000000000002,491.5425,491.145
20-01-2024,510.65,503.0,514.8,501.0,2.66M,1.84%,-189.85000000000002,492.54499999999996,493.04499999999996
19-01-2024,501.4,483.0,510.0,483.0,8.42M,4.73%,-199.10000000000002,492.6525,493.895
18-01-2024,478.75,470.8,481.5,457.0,4.33M,1.41%,-221.75,492.56749999999994,493.48
17-01-2024,472.1,452.0,474.3,451.65,3.77M,1.40%,-228.39999999999998,491.965,491.525
16-01-2024,465.6,473.45,475.0,456.0,2.56M,-1.66%,-237.79999999999995,491.26000000000005,487.61
15-01-2024,473.45,482.95,484.8,470.6,2.01M,-2.08%,-229.95,490.58000000000004,485.9599999999999
12-01-2024,483.5,483.6,484.9,472.15,6.10M,0.58%,-218.59999999999997,489.8950000000001,484.68
11-01-2024,480.7,467.15,484.0,455.6,7.78M,3.42%,-221.89999999999998,488.91999999999996,483.98499999999996
10-01-2024,464.8,457.0,470.0,457.0,9.08M,2.19%,-237.79999999999995,486.8175,481.5849999999999
09-01-2024,454.85,422.0,458.35,420.1,15.02M,8.44%,-247.74999999999994,484.8625,478.58000000000004
08-01-2024,419.45,422.05,425.9,417.0,1.59M,-0.12%,-283.15,481.25249999999994,469.46000000000004
05-01-2024,419.95,428.5,431.5,416.4,3.64M,-1.49%,-279.59999999999997,477.605,461.31499999999994
04-01-2024,426.3,413.35,428.05,411.05,4.62M,3.66%,-264.34999999999997,474.775,456.07
03-01-2024,411.25,409.55,422.8,407.8,3.14M,0.56%,-279.4,470.755,449.98499999999996
02-01-2024,408.95,410.05,414.0,404.15,1.84M,-0.27%,-284.45,465.96500000000003,444.32
01-01-2024,410.05,412.9,413.6,408.85,1.84M,0.24%,-283.25,461.96999999999997,437.98
29-12-2023,409.05,408.55,415.0,407.4,2.23M,0.25%,-289.2,457.60749999999996,430.535
28-12-2023,408.05,413.45,413.6,406.5,1.23M,-0.68%,-294.75,453.62750000000005,423.27
27-12-2023,410.85,417.65,420.5,408.8,1.94M,-1.04%,-291.95,449.73,417.875
26-12-2023,415.15,420.0,423.2,413.1,3.73M,1.43%,-287.65000000000003,446.2425,413.90500000000003
22-12-2023,409.3,420.0,423.2,407.55,2.21M,-1.93%,-301.55,441.175,412.89
21-12-2023,417.35,405.95,422.55,397.65,3.25M,3.04%,-281.84999999999997,436.9725,412.63
20-12-2023,405.05,434.0,440.65,400.5,3.84M,-6.10%,-317.44999999999993,433.2875,410.505
19-12-2023,431.35,435.55,442.75,428.8,2.58M,-1.06%,-291.1499999999999,431.25,412.515
18-12-2023,435.95,414.55,445.45,414.55,6.66M,0.28%,-269.74999999999994,429.76750000000004,415.21500000000003
15-12-2023,434.75,453.0,454.85,432.0,3.49M,-3.60%,-289.84999999999997,427.8325,417.68500000000006
14-12-2023,451.0,457.9,460.25,450.05,1.85M,-0.99%,-273.59999999999997,426.2075,421.88
13-12-2023,455.5,446.7,458.0,444.1,2.50M,2.37%,-262.2,424.94750000000005,426.625
12-12-2023,444.95,455.9,457.95,442.0,1.77M,-2.37%,-275.2,423.95500000000004,430.035
11-12-2023,455.75,454.0,465.55,450.4,3.17M,0.87%,-264.4,424.0,434.09499999999997
08-12-2023,451.8,460.0,477.0,446.65,8.57M,-1.42%,-289.59999999999997,425.6175,438.34499999999997
07-12-2023,458.3,439.95,461.0,431.5,9.61M,4.40%,-262.79999999999995,427.535,442.43999999999994
06-12-2023,439.0,420.0,442.95,416.5,8.18M,5.73%,-282.09999999999997,428.16999999999996,445.8349999999999
05-12-2023,415.2,424.5,425.45,413.0,4.65M,-2.19%,-305.9,428.3675,444.21999999999997
04-12-2023,424.5,434.0,434.8,422.7,3.46M,-0.02%,-296.59999999999997,429.145,443.075
01-12-2023,424.6,411.0,428.3,410.75,7.11M,3.98%,-282.74999999999994,429.87250000000006,442.06000000000006
30-11-2023,408.35,416.35,416.55,407.0,3.28M,-1.57%,-298.99999999999994,429.8375,437.79499999999996
29-11-2023,414.85,412.0,422.15,410.45,3.10M,1.32%,-292.49999999999994,430.17749999999995,433.73
28-11-2023,409.45,422.0,422.95,406.85,2.47M,-2.73%,-305.99999999999994,430.10749999999996,430.18
24-11-2023,420.95,416.0,429.0,415.9,6.56M,1.81%,-294.49999999999994,430.3974999999999,426.7
23-11-2023,413.45,420.25,427.0,411.2,5.12M,-1.12%,-308.04999999999995,430.605,422.86500000000007
22-11-2023,418.15,402.45,419.4,401.7,9.40M,4.43%,-291.59999999999997,430.645,418.85
21-11-2023,400.4,402.0,405.2,398.05,2.32M,-0.29%,-309.34999999999997,430.4125,414.98999999999995
20-11-2023,401.55,400.8,406.0,395.0,1.93M,0.45%,-302.79999999999995,428.9225,413.625
17-11-2023,399.75,398.8,403.7,396.7,2.34M,0.71%,-306.74999999999994,427.1125,411.15
16-11-2023,396.95,401.5,408.4,395.0,3.69M,-0.74%,-318.19999999999993,425.22249999999997,408.385
15-11-2023,399.9,396.0,411.8,393.1,9.44M,1.91%,-311.4,422.6675,407.53999999999996
13-11-2023,392.4,389.15,399.4,385.0,3.52M,0.23%,-318.9,419.5125,405.29499999999996
12-11-2023,391.5,385.4,392.0,385.0,1.17M,2.30%,-319.79999999999995,416.84,403.5
10-11-2023,382.7,383.3,387.4,378.5,1.89M,-0.52%,-328.59999999999997,413.1875,399.675
09-11-2023,384.7,386.6,390.4,383.0,1.30M,0.00%,-326.59999999999997,409.8325,396.8
08-11-2023,384.7,386.2,392.4,383.2,1.88M,-0.39%,-326.59999999999997,406.15250000000003,393.455
07-11-2023,386.2,386.5,393.9,383.55,1.99M,0.04%,-323.95,403.5125,392.03499999999997
06-11-2023,386.05,395.95,397.25,385.05,1.77M,-1.97%,-335.15,402.05499999999995,390.485
03-11-2023,393.8,396.7,401.6,389.85,2.72M,-0.08%,-327.4,400.52,389.89
02-11-2023,394.1,380.0,396.75,380.0,3.13M,4.55%,-313.29999999999995,398.995,389.60499999999996
01-11-2023,376.95,376.95,387.7,375.1,2.58M,-2.29%,-330.45,397.425,387.31000000000006
31-10-2023,385.8,398.65,400.45,383.0,2.35M,-2.55%,-321.59999999999997,395.97249999999997,386.65
30-10-2023,395.9,392.8,402.9,386.1,2.84M,0.55%,-311.5,395.29499999999996,387.09000000000003
27-10-2023,393.75,390.5,398.45,384.4,5.94M,0.73%,-316.2,393.935,388.195
26-10-2023,390.9,363.15,393.8,360.0,11.51M,6.74%,-319.1,392.8075,388.815
25-10-2023,366.2,380.05,382.3,347.5,12.47M,-2.70%,-343.8,390.21000000000004,386.96500000000003
23-10-2023,376.35,410.0,410.0,368.1,13.76M,-2.95%,-333.65,389.0075,385.97999999999996
20-10-2023,387.8,401.8,403.0,382.05,2.12M,-3.50%,-322.2,388.32,386.15500000000003
19-10-2023,401.85,394.9,405.2,394.15,4.23M,1.64%,-308.15,388.425,386.96
18-10-2023,395.35,403.5,408.35,393.6,4.54M,-2.06%,-321.15,388.34499999999997,387.085
17-10-2023,403.65,405.0,407.45,400.2,4.27M,0.61%,-312.85,388.5325,389.755
16-10-2023,401.2,394.8,408.8,393.3,7.18M,2.33%,-320.45000000000005,388.97249999999997,391.29499999999996
13-10-2023,392.05,391.5,404.9,390.25,6.38M,0.01%,-333.3,389.0,390.90999999999997
12-10-2023,392.0,400.75,404.7,390.05,7.17M,-1.35%,-346.0,389.46500000000003,390.735
11-10-2023,397.35,412.0,414.0,393.1,3.95M,-2.74%,-340.65,390.09749999999997,391.38
10-10-2023,408.55,415.05,420.85,406.6,6.42M,-0.93%,-329.45,391.29,395.615
09-10-2023,412.4,410.0,417.25,400.65,4.77M,-1.73%,-317.7,392.6,399.22
06-10-2023,419.65,416.35,423.65,409.5,6.27M,1.49%,-307.55,394.28000000000003,402.40500000000003
05-10-2023,413.5,422.0,426.45,411.0,2.78M,-1.29%,-320.5,395.265,403.57
04-10-2023,418.9,437.0,438.8,416.1,8.99M,-5.35%,-315.1,396.505,405.925
03-10-2023,442.6,437.4,449.0,427.0,5.92M,1.19%,-291.4,399.7875,409.82
29-09-2023,437.4,419.6,440.2,417.6,3.96M,5.02%,-296.6,402.36749999999995,413.44000000000005
28-09-2023,416.5,434.0,436.0,413.65,5.06M,-3.79%,-317.5,403.3975,415.88500000000005
27-09-2023,432.9,439.65,444.9,429.5,5.64M,-1.59%,-301.1,405.355,419.975
26-09-2023,439.9,418.0,441.95,418.0,11.63M,4.45%,-279.20000000000005,407.805,424.23
25-09-2023,421.15,420.9,428.2,409.25,6.39M,-0.23%,-297.95000000000005,410.55249999999995,425.48999999999995
22-09-2023,422.1,396.7,425.0,396.0,8.20M,7.19%,-271.85,412.84,426.4599999999999
21-09-2023,393.8,408.95,411.5,390.55,3.29M,-3.36%,-300.15000000000003,413.14,423.875
20-09-2023,407.5,396.45,414.05,395.0,9.83M,3.44%,-286.45000000000005,413.42249999999996,423.275
18-09-2023,393.95,398.85,404.7,389.75,2.38M,-1.23%,-300.00000000000006,413.35249999999996,420.78000000000003
15-09-2023,398.85,410.0,421.3,395.0,4.35M,-2.04%,-295.1,413.1125,416.4049999999999
14-09-2023,407.15,400.0,411.0,398.1,3.42M,2.88%,-286.05000000000007,413.40999999999997,413.38
13-09-2023,395.75,401.2,414.1,383.5,5.37M,-0.35%,-304.4000000000001,413.59499999999997,411.305
12-09-2023,397.15,432.95,433.35,393.15,7.44M,-7.91%,-300.4000000000001,413.85249999999996,407.73
11-09-2023,431.25,399.0,437.4,398.0,15.60M,9.30%,-266.30000000000007,415.5475,406.86499999999995
08-09-2023,394.55,383.0,397.3,379.1,5.91M,3.16%,-303.00000000000006,414.8475,404.20500000000004
07-09-2023,382.45,383.0,386.25,372.65,2.95M,0.04%,-315.1000000000001,413.35,400.23999999999995
06-09-2023,382.3,381.65,387.4,376.05,6.62M,0.94%,-320.20000000000005,411.48249999999996,399.09000000000003
05-09-2023,378.75,365.1,384.6,361.1,10.06M,4.17%,-326.05000000000007,409.745,396.21500000000003
04-09-2023,363.6,355.0,367.0,352.55,6.09M,2.64%,-341.20000000000005,406.98,393.17999999999995
01-09-2023,354.25,351.4,358.65,349.5,2.18M,0.94%,-350.55000000000007,402.5625,388.71999999999997
31-08-2023,350.95,358.0,360.4,349.0,4.96M,-1.64%,-360.00000000000006,398.24,383.1
30-08-2023,356.8,369.45,372.75,353.25,5.86M,-2.57%,-354.15000000000003,395.255,379.205
29-08-2023,366.2,347.4,368.9,342.1,7.69M,5.46%,-330.05000000000007,391.92,376.11
28-08-2023,347.25,349.25,353.7,344.7,4.07M,-0.10%,-349.00000000000006,387.2875,367.71000000000004
25-08-2023,347.6,348.2,352.0,340.15,3.71M,-0.88%,-341.55,383.61,363.015
24-08-2023,350.7,358.4,359.8,348.0,2.93M,-1.85%,-338.45000000000005,380.04,359.84
23-08-2023,357.3,361.2,364.7,355.2,1.29M,-0.92%,-331.85,378.215,357.34000000000003
22-08-2023,360.6,362.9,366.95,358.8,2.41M,-0.18%,-328.55,375.87,355.525
21-08-2023,361.25,362.8,366.45,356.5,2.14M,-0.30%,-323.8,374.235,355.29
18-08-2023,362.35,352.0,364.75,348.8,3.82M,2.78%,-310.25,372.41,356.1
17-08-2023,352.55,368.5,368.7,351.0,7.64M,-4.20%,-326.4,369.68,356.26
16-08-2023,368.0,359.0,369.9,352.1,12.69M,5.98%,-310.5,368.2925,357.38
14-08-2023,347.25,345.0,356.6,340.0,17.05M,1.52%,-331.25,365.7975,355.485
11-08-2023,342.05,338.0,344.45,325.1,7.48M,1.63%,-336.45,361.3375,354.96500000000003
10-08-2023,336.55,316.0,340.0,314.65,15.51M,7.10%,-341.95,358.4375,353.86
09-08-2023,314.25,290.85,317.4,290.05,15.88M,8.05%,-364.25,355.02750000000003,350.21500000000003
08-08-2023,290.85,292.9,294.7,289.1,1.20M,-0.34%,-387.65,350.45500000000004,343.57000000000005
07-08-2023,291.85,294.75,296.5,291.0,2.05M,-0.49%,-386.65,346.11,336.69500000000005
04-08-2023,293.3,289.0,295.7,288.4,1.64M,2.16%,-381.74999999999994,342.59499999999997,329.9
03-08-2023,287.1,288.55,294.2,286.0,1.66M,-1.29%,-388.8499999999999,339.2375,322.375
02-08-2023,290.85,296.0,298.2,287.55,1.25M,-1.69%,-385.0999999999999,336.23249999999996,316.20500000000004
01-08-2023,295.85,288.9,298.7,288.7,3.48M,2.48%,-377.9499999999999,333.185,308.99
31-07-2023,288.7,293.0,293.6,287.45,1.14M,-1.16%,-385.0999999999999,329.31,303.13500000000005
28-07-2023,292.1,289.2,294.85,288.0,2.95M,0.93%,-380.9999999999999,326.5525,298.14
27-07-2023,289.4,293.5,294.95,287.1,2.49M,-1.06%,-386.5499999999999,323.64250000000004,293.42500000000007
26-07-2023,292.5,295.7,296.8,289.6,2.70M,-0.53%,-383.4499999999999,320.73249999999996,291.25000000000006
25-07-2023,294.05,286.8,295.0,285.95,3.58M,2.67%,-375.34999999999985,317.57000000000005,291.57
24-07-2023,286.4,289.4,292.5,285.0,2.03M,-0.59%,-382.9999999999999,313.86,291.025
21-07-2023,288.1,295.5,295.55,285.5,3.86M,-2.21%,-380.39999999999986,310.2025,290.505
20-07-2023,294.6,296.0,301.3,291.4,5.45M,-0.30%,-373.89999999999986,306.815,291.255
19-07-2023,295.5,291.0,301.3,288.65,5.24M,2.00%,-367.04999999999984,303.9625,291.71999999999997
18-07-2023,289.7,293.3,296.4,283.25,4.78M,-1.23%,-373.74999999999983,300.0475,291.105
17-07-2023,293.3,295.0,298.85,291.5,5.33M,-3.71%,-370.1499999999998,297.35,291.56499999999994
14-07-2023,304.6,299.8,307.7,299.8,2.45M,1.91%,-358.8499999999998,295.4775,292.815
13-07-2023,298.9,313.0,314.15,293.4,3.59M,-4.49%,-374.0999999999998,293.595,293.765
12-07-2023,312.95,310.55,316.05,307.5,2.77M,1.10%,-360.0499999999998,293.53000000000003,295.81
11-07-2023,309.55,304.75,311.0,301.5,2.11M,1.64%,-363.44999999999976,294.46500000000003,297.36
10-07-2023,304.55,308.55,319.95,298.35,5.08M,-0.68%,-378.84999999999974,295.1,299.175
07-07-2023,306.65,309.75,315.8,304.5,3.37M,-1.08%,-376.69999999999976,295.76750000000004,301.03000000000003
06-07-2023,310.0,303.0,311.8,303.0,4.90M,2.73%,-369.69999999999976,296.9125,302.57
05-07-2023,301.75,295.95,309.9,293.25,7.47M,2.53%,-377.94999999999976,297.4575,303.195
04-07-2023,294.3,290.0,299.0,289.9,7.43M,1.83%,-385.39999999999975,297.38,303.65500000000003
03-07-2023,289.0,275.0,291.8,275.0,9.16M,5.96%,-390.69999999999976,297.39500000000004,303.225
30-06-2023,272.75,272.45,279.4,271.1,3.59M,0.37%,-406.94999999999976,296.4275,300.03999999999996
28-06-2023,271.75,272.0,274.35,268.6,1.77M,0.33%,-409.5499999999998,295.545,297.325
27-06-2023,270.85,272.8,275.7,269.1,2.01M,-0.44%,-414.39999999999975,294.4625,293.115
26-06-2023,272.05,262.7,273.5,256.35,3.41M,4.07%,-398.69999999999976,293.3625,289.365
23-06-2023,261.4,272.4,272.4,260.0,2.40M,-3.93%,-409.69999999999976,292.11250000000007,285.05
22-06-2023,272.1,277.0,285.0,270.3,9.55M,-0.80%,-398.9999999999997,291.3125,281.59499999999997
21-06-2023,274.3,258.5,276.9,258.05,10.56M,6.71%,-382.7499999999997,290.2975,278.025
20-06-2023,257.05,254.4,257.95,251.55,1.61M,1.36%,-399.9999999999997,288.375,273.555
19-06-2023,253.6,257.9,258.9,253.0,1.16M,-1.17%,-405.2999999999997,286.57,269.485
16-06-2023,256.6,262.5,263.5,255.15,1.66M,-2.19%,-402.2999999999997,284.735,266.245
15-06-2023,262.35,264.4,268.0,261.05,1.62M,-1.30%,-396.5499999999997,282.62250000000006,265.205
14-06-2023,265.8,262.3,269.0,262.05,1.95M,1.82%,-392.7999999999997,280.9675,264.61
13-06-2023,261.05,258.0,265.1,257.65,1.90M,1.50%,-397.5499999999997,278.3725,263.63
12-06-2023,257.2,261.95,262.3,256.2,1.10M,-1.61%,-402.64999999999975,275.755,262.14500000000004
09-06-2023,261.4,264.15,267.0,260.05,967.63K,-1.02%,-398.44999999999976,273.59749999999997,262.14500000000004
08-06-2023,264.1,268.0,273.9,262.3,2.45M,-1.46%,-395.7499999999997,271.46999999999997,261.345
07-06-2023,268.0,264.7,274.0,264.35,4.61M,1.77%,-391.84999999999974,269.37,260.71500000000003
06-06-2023,263.35,250.9,265.0,250.3,4.11M,5.51%,-396.4999999999997,267.45,261.34499999999997
05-06-2023,249.6,252.1,254.65,249.0,939.92K,-0.52%,-410.2499999999998,265.21500000000003,260.945
02-06-2023,250.9,254.7,255.8,249.8,1.26M,-1.01%,-408.94999999999976,263.31,260.375
01-06-2023,253.45,255.05,258.95,252.55,1.12M,-0.24%,-406.39999999999975,262.34499999999997,259.485
31-05-2023,254.05,262.35,264.7,253.0,1.31M,-2.72%,-405.34999999999974,261.46,258.31
30-05-2023,261.15,253.85,269.3,251.55,5.85M,3.34%,-395.7499999999998,260.975,258.32000000000005
29-05-2023,252.7,257.8,258.3,251.0,669.16K,-1.25%,-404.19999999999976,260.00750000000005,257.87
26-05-2023,255.9,257.55,261.5,254.3,777.99K,-1.08%,-400.9999999999998,259.73249999999996,257.32
25-05-2023,258.7,249.5,262.3,248.05,2.52M,3.60%,-390.3499999999998,259.0625,256.78000000000003
24-05-2023,249.7,240.0,255.75,240.0,2.42M,0.62%,-399.3499999999998,257.8325,254.95
23-05-2023,248.15,246.2,254.2,245.85,1.03M,1.22%,-405.39999999999975,257.3875,253.43
22-05-2023,245.15,243.75,248.65,242.1,580.99K,0.55%,-408.89999999999975,256.96500000000003,252.98500000000004
19-05-2023,243.8,247.3,248.25,241.05,536.79K,-1.20%,-413.34999999999974,256.325,252.275
18-05-2023,246.75,249.4,250.85,245.05,560.84K,-0.82%,-410.39999999999975,255.545,251.60500000000002
17-05-2023,248.8,255.65,256.1,247.15,550.42K,-2.39%,-408.34999999999974,254.69500000000002,251.08
16-05-2023,254.9,256.05,259.6,253.85,565.80K,-0.45%,-402.2499999999998,254.3875,250.455
15-05-2023,256.05,259.0,260.7,255.6,526.82K,-1.50%,-401.0999999999998,254.33,250.79000000000002
12-05-2023,259.95,262.8,266.8,259.0,938.97K,-1.08%,-397.1999999999998,254.2575,251.19500000000002
11-05-2023,262.8,268.0,271.0,261.1,1.06M,-0.77%,-394.3499999999998,254.19250000000002,251.60499999999996
10-05-2023,264.85,260.5,268.6,260.5,894.09K,1.67%,-389.9999999999998,254.03500000000003,253.11999999999998
09-05-2023,260.5,264.25,266.2,258.2,704.72K,-0.99%,-395.69999999999976,253.8925,254.35500000000002
08-05-2023,263.1,261.0,273.0,259.6,2.76M,1.02%,-392.19999999999976,254.56749999999997,256.15000000000003
05-05-2023,260.45,259.0,263.3,257.0,668.02K,0.62%,-395.0499999999998,255.04500000000002,257.815
04-05-2023,258.85,260.55,265.0,256.65,871.47K,-1.05%,-401.19999999999976,255.315,259.025
03-05-2023,261.6,257.7,264.3,256.15,958.14K,1.51%,-395.7499999999997,255.69250000000002,260.305
02-05-2023,257.7,261.0,263.85,256.5,584.95K,-1.15%,-401.89999999999975,255.52000000000004,260.585
28-04-2023,260.7,258.45,262.25,257.1,779.47K,1.62%,-398.2999999999998,255.92,261.05
27-04-2023,256.55,258.8,261.3,254.55,1.00M,-0.68%,-403.0499999999998,255.95250000000001,260.71
26-04-2023,258.3,260.75,262.75,257.0,489.75K,-0.62%,-401.2999999999998,255.93250000000003,260.26000000000005
25-04-2023,259.9,259.9,266.05,256.65,1.80M,0.27%,-398.0499999999998,256.4425,259.765
24-04-2023,259.2,254.0,261.2,250.2,1.19M,2.19%,-400.0499999999998,256.995,259.635
21-04-2023,253.65,260.0,260.0,250.55,1.12M,-2.24%,-406.39999999999975,257.42,258.69
20-04-2023,259.45,249.05,261.9,247.7,3.10M,4.60%,-394.64999999999975,258.2025,258.59000000000003
19-04-2023,248.05,247.75,252.35,246.0,765.71K,0.14%,-406.0499999999997,258.26750000000004,257.51000000000005
18-04-2023,247.7,249.45,251.7,246.2,497.79K,-0.26%,-410.0499999999997,258.2125,256.12
17-04-2023,248.35,244.5,251.0,243.25,811.88K,1.18%,-404.9499999999997,257.88500000000005,255.185
13-04-2023,245.45,244.45,247.4,243.0,495.06K,0.45%,-407.8499999999997,257.355,253.66000000000003
12-04-2023,244.35,243.3,247.8,241.0,946.57K,0.97%,-411.2999999999997,256.575,252.44
11-04-2023,242.0,248.8,250.35,241.25,878.78K,-2.67%,-419.64999999999975,255.535,250.81
10-04-2023,248.65,253.0,255.6,247.2,593.19K,-1.33%,-412.9999999999998,254.725,249.68500000000003
06-04-2023,252.0,252.0,255.5,250.5,701.37K,-0.40%,-409.64999999999975,254.3,248.965
05-04-2023,253.0,252.55,256.75,249.0,2.13M,1.08%,-405.64999999999975,253.79500000000002,248.9
03-04-2023,250.3,242.75,253.85,240.55,1.42M,3.92%,-409.1999999999997,253.2875,247.98499999999999
31-03-2023,240.85,244.0,250.4,238.1,2.47M,1.77%,-418.7499999999997,252.3875,247.26499999999996
29-03-2023,236.65,223.0,240.0,223.0,2.73M,6.46%,-422.9499999999997,251.14000000000001,246.16
28-03-2023,222.3,227.1,230.5,221.0,1.64M,-2.11%,-437.2999999999997,249.36999999999998,243.555
27-03-2023,227.1,237.85,238.75,225.05,1.02M,-4.06%,-432.4999999999998,247.69,241.71999999999997
24-03-2023,236.7,247.95,249.45,234.55,938.09K,-4.54%,-422.89999999999975,246.6975,240.95499999999998
23-03-2023,247.95,249.5,252.35,246.5,670.34K,-1.25%,-411.64999999999975,246.17999999999998,241.55
22-03-2023,251.1,252.05,256.25,248.8,1.82M,-0.38%,-408.4999999999998,245.74,241.795
21-03-2023,252.05,248.5,255.55,247.3,1.46M,2.46%,-403.7499999999998,245.38250000000002,241.8
20-03-2023,246.0,251.9,255.75,244.0,1.14M,-2.34%,-413.4999999999998,245.0,241.1
17-03-2023,251.9,257.0,264.65,248.25,1.43M,-1.08%,-407.5999999999998,244.6225,241.26
16-03-2023,254.65,256.0,257.45,247.2,1.44M,-0.61%,-400.14999999999975,244.95250000000001,242.64000000000001
15-03-2023,256.2,252.8,261.35,251.0,1.75M,2.26%,-394.94999999999976,245.3775,244.59499999999997
14-03-2023,250.55,260.15,265.5,247.8,1.79M,-3.21%,-409.89999999999975,245.4875,247.42
13-03-2023,258.85,268.35,273.65,255.15,1.27M,-3.54%,-401.59999999999974,246.15749999999997,250.59499999999997
10-03-2023,268.35,265.0,273.0,262.55,1.99M,-0.52%,-392.09999999999974,247.35750000000002,253.76000000000005
09-03-2023,269.75,277.0,277.0,267.5,2.09M,-3.00%,-389.84999999999974,248.74500000000003,255.94
08-03-2023,278.1,265.0,282.0,261.25,5.46M,3.21%,-372.9999999999997,250.21749999999997,258.64
06-03-2023,269.45,243.8,274.0,242.7,9.06M,11.04%,-381.64999999999975,251.09,260.38
03-03-2023,242.65,230.0,249.65,229.1,5.06M,6.03%,-408.4499999999997,250.5725,260.04499999999996
02-03-2023,228.85,230.0,232.85,226.8,1.15M,-2.08%,-422.2499999999997,249.5,257.74
01-03-2023,233.7,230.5,242.05,228.2,3.90M,-0.40%,-416.7499999999997,249.1425,255.64500000000004
28-02-2023,234.65,209.8,236.8,208.15,7.27M,12.68%,-390.2499999999997,249.04249999999996,253.48999999999995
27-02-2023,208.25,211.65,211.65,204.65,600.03K,-1.65%,-416.64999999999975,248.34,249.26
24-02-2023,211.75,214.4,218.6,210.1,586.45K,-1.21%,-413.14999999999975,247.5725,244.55
23-02-2023,214.35,220.0,221.5,212.5,865.51K,-2.46%,-410.5499999999997,246.455,239.15
22-02-2023,219.75,221.75,226.0,219.0,470.44K,-1.70%,-405.14999999999975,245.04500000000002,234.15
21-02-2023,223.55,222.5,231.0,220.0,1.06M,0.61%,-401.34999999999974,243.66750000000002,228.695
20-02-2023,222.2,225.0,226.9,221.75,519.66K,-1.68%,-406.0499999999997,242.175,223.97000000000003
17-02-2023,226.0,223.9,228.5,222.0,643.64K,0.89%,-402.0499999999997,241.175,222.305
16-02-2023,224.0,229.85,232.45,223.3,550.66K,-1.60%,-410.4999999999997,239.78000000000003,221.82000000000002
15-02-2023,227.65,222.45,229.4,222.0,776.32K,2.31%,-404.8499999999997,238.42999999999998,221.215
14-02-2023,222.5,226.4,227.2,221.0,315.37K,-0.91%,-409.99999999999966,236.74499999999998,220.0
13-02-2023,224.55,230.75,231.65,224.0,265.23K,-2.35%,-407.94999999999965,235.445,221.63000000000002
10-02-2023,229.95,235.6,236.0,228.3,483.58K,-2.71%,-402.54999999999967,234.0,223.45
09-02-2023,236.35,225.95,238.7,224.0,1.31M,5.51%,-390.1999999999997,232.4,225.65
08-02-2023,224.0,221.5,225.85,219.15,430.61K,1.61%,-402.5499999999997,230.1125,226.075
07-02-2023,220.45,224.8,228.3,219.1,421.06K,-1.98%,-410.39999999999975,227.23000000000002,225.76499999999996
06-02-2023,224.9,221.75,228.8,221.15,438.69K,1.93%,-405.9499999999997,225.00249999999997,226.035
03-02-2023,220.65,226.2,228.2,216.7,671.78K,-2.15%,-413.49999999999966,223.9025,225.5
02-02-2023,225.5,235.0,238.8,224.5,705.23K,-4.12%,-408.64999999999964,223.73499999999999,225.65
01-02-2023,235.2,240.0,248.85,231.0,950.64K,-1.32%,-398.94999999999965,223.81,226.40500000000003
31-01-2023,238.35,229.8,239.75,229.5,575.51K,3.83%,-390.0999999999997,223.99500000000003,227.99
30-01-2023,229.55,237.25,241.15,226.9,616.19K,-2.94%,-401.6999999999997,225.06,228.48999999999995
27-01-2023,236.5,242.15,242.2,230.0,603.14K,-2.19%,-394.7499999999997,226.29749999999999,229.14499999999998
25-01-2023,241.8,248.0,248.95,240.05,415.54K,-2.22%,-389.4499999999997,227.67,229.69
24-01-2023,247.3,248.55,251.85,246.55,700.29K,0.18%,-383.9499999999997,229.04749999999999,232.02000000000004
23-01-2023,246.85,255.0,255.0,245.85,1.60M,-5.91%,-392.0999999999997,230.2125,234.66
20-01-2023,262.35,267.25,268.85,261.8,450.52K,-1.28%,-376.5999999999997,232.21999999999997,238.40500000000003
19-01-2023,265.75,266.2,270.0,265.0,785.32K,0.34%,-373.1999999999997,234.20749999999998,242.91500000000002
18-01-2023,264.85,267.1,269.8,263.0,513.50K,-0.36%,-378.1499999999997,236.25,246.85
17-01-2023,265.8,268.95,270.15,265.0,454.27K,-0.89%,-377.1999999999997,238.15750000000003,249.91000000000003
16-01-2023,268.2,269.0,278.8,265.0,1.02M,0.11%,-373.9999999999997,240.44250000000002,252.89499999999998
13-01-2023,267.9,273.75,276.0,265.95,579.06K,-2.01%,-382.09999999999974,242.60999999999999,256.73
12-01-2023,273.4,279.65,279.65,270.9,295.62K,-2.13%,-376.59999999999974,244.78250000000003,260.42
11-01-2023,279.35,283.0,283.4,278.1,299.82K,-1.39%,-370.6499999999997,246.93249999999998,264.175
10-01-2023,283.3,284.55,285.55,277.1,262.15K,-0.42%,-364.4499999999997,249.89749999999998,267.775
09-01-2023,284.5,281.1,286.75,278.6,437.62K,2.04%,-358.5499999999997,253.1,271.54
06-01-2023,278.8,281.0,282.4,276.4,240.81K,-0.78%,-364.2499999999997,255.79500000000002,273.185
05-01-2023,281.0,284.9,285.8,278.3,321.34K,-1.21%,-361.5499999999997,258.8125,274.71
04-01-2023,284.45,290.0,291.5,283.4,390.57K,-1.90%,-358.09999999999974,261.76,276.67
03-01-2023,289.95,295.3,295.4,289.0,365.52K,-1.23%,-352.59999999999974,264.4975,279.085
02-01-2023,293.55,288.95,297.9,288.0,1.01M,2.07%,-347.0499999999997,267.2575,281.62
30-12-2022,287.6,288.2,289.9,286.0,464.51K,0.38%,-352.9999999999997,270.16,283.59000000000003
29-12-2022,286.5,285.85,292.25,284.0,1.64M,0.92%,-358.7499999999997,272.66,284.9
28-12-2022,283.9,271.75,293.4,269.9,1.91M,5.17%,-368.2499999999997,274.765,285.355
27-12-2022,269.95,268.4,271.0,262.95,699.68K,2.37%,-382.1999999999997,275.8975,284.02
26-12-2022,263.7,253.3,268.3,245.9,735.58K,4.11%,-388.4499999999997,276.73999999999995,281.93999999999994
23-12-2022,253.3,265.95,267.8,248.0,1.73M,-6.20%,-402.9499999999997,276.2875,279.39
22-12-2022,270.05,269.0,275.0,257.5,1.30M,0.75%,-386.1999999999997,276.5025,278.295
21-12-2022,268.05,279.75,283.7,265.0,617.16K,-3.84%,-401.8499999999997,276.6625,276.655
20-12-2022,278.75,280.0,280.4,271.95,788.99K,-0.41%,-391.1499999999997,277.31,275.53499999999997
19-12-2022,279.9,287.0,287.5,278.35,790.24K,-2.17%,-389.59999999999974,277.895,274.16999999999996
16-12-2022,286.1,293.5,295.25,285.0,607.18K,-2.82%,-383.3999999999997,278.805,274.02
15-12-2022,294.4,295.45,299.0,293.4,376.43K,-0.47%,-375.09999999999974,279.85499999999996,274.81
14-12-2022,295.8,299.6,300.25,295.2,437.59K,-0.69%,-373.6999999999997,280.6775,276.0
13-12-2022,297.85,301.0,304.55,296.5,546.60K,-0.57%,-371.6499999999997,281.40500000000003,278.79
12-12-2022,299.55,295.0,301.8,292.0,617.55K,1.25%,-364.0999999999997,282.15749999999997,282.375
09-12-2022,295.85,302.85,306.1,294.05,732.36K,-1.81%,-374.3499999999997,283.01,286.63
08-12-2022,301.3,305.6,308.2,300.05,688.25K,-0.99%,-368.8999999999997,284.025,289.755
07-12-2022,304.3,311.6,311.6,303.0,707.53K,-1.97%,-365.8999999999997,285.01750000000004,293.38
06-12-2022,310.4,312.0,319.8,308.55,1.15M,0.19%,-359.7999999999997,286.04,296.545
05-12-2022,309.8,309.9,314.5,306.0,665.11K,0.45%,-364.4999999999997,286.8525,299.53499999999997
02-12-2022,308.4,309.7,312.5,307.5,470.71K,-0.42%,-368.59999999999974,287.8925,301.765
01-12-2022,309.7,308.9,313.9,304.05,1.37M,0.50%,-362.94999999999976,289.05249999999995,303.29499999999996
30-11-2022,308.15,310.4,310.75,306.35,413.77K,-0.24%,-365.5499999999998,290.265,304.53
29-11-2022,308.9,312.8,315.9,307.75,521.02K,-0.96%,-364.3999999999998,292.2125,305.635
28-11-2022,311.9,307.8,318.35,306.3,1.16M,1.40%,-358.79999999999984,294.62250000000006,306.87
25-11-2022,307.6,301.45,309.55,298.55,1.18M,2.23%,-363.0999999999998,297.3375,308.04499999999996
24-11-2022,300.9,303.35,306.6,299.4,781.77K,-0.23%,-369.79999999999984,298.88,308.005
23-11-2022,301.6,298.7,312.8,298.5,1.52M,1.26%,-366.6999999999998,300.5575,307.735
22-11-2022,297.85,304.6,307.3,297.0,572.37K,-2.02%,-376.1499999999998,301.5125,306.47999999999996
21-11-2022,304.0,304.2,307.5,301.7,335.83K,-0.30%,-369.99999999999983,302.71750000000003,305.9
18-11-2022,304.9,311.3,312.5,302.9,472.23K,-1.57%,-367.99999999999983,303.65749999999997,305.55
17-11-2022,309.75,313.9,315.7,308.5,397.78K,-1.56%,-363.1499999999998,304.425,305.555
16-11-2022,314.65,317.0,319.7,314.0,308.67K,-1.16%,-358.24999999999983,305.3675,306.20500000000004
15-11-2022,318.35,318.45,320.45,314.15,432.50K,-0.03%,-354.0499999999998,306.3925,307.15
14-11-2022,318.45,322.15,323.65,317.3,436.73K,-0.93%,-352.8999999999998,307.3375,307.80499999999995
11-11-2022,321.45,325.1,329.45,320.05,723.34K,-0.54%,-349.8999999999998,308.6175,309.19
10-11-2022,323.2,327.0,329.7,318.95,599.39K,-1.61%,-345.6499999999998,309.7125,311.41999999999996
09-11-2022,328.5,334.8,338.4,325.5,968.95K,-1.17%,-340.3499999999998,310.9225,314.11
07-11-2022,332.4,326.55,343.5,326.0,2.28M,2.31%,-333.9499999999998,312.0225,317.565
04-11-2022,324.9,331.2,337.7,323.5,1.09M,-1.81%,-346.74999999999983,312.77750000000003,319.65500000000003
03-11-2022,330.9,332.6,336.8,329.5,826.54K,-2.03%,-340.74999999999983,313.90250000000003,322.255
02-11-2022,337.75,349.9,350.0,334.95,1.24M,-3.04%,-333.8999999999998,315.305,325.05499999999995
01-11-2022,348.35,339.0,351.4,339.0,4.10M,3.17%,-323.2999999999998,317.315,328.425
31-10-2022,337.65,325.5,339.8,325.5,6.73M,6.10%,-333.99999999999983,318.7525,330.35499999999996
28-10-2022,318.25,316.2,325.5,314.6,1.21M,1.16%,-353.3999999999998,319.07,330.335
27-10-2022,314.6,312.3,318.65,311.1,611.80K,1.35%,-357.44999999999976,319.42,329.65
25-10-2022,310.4,318.0,319.25,308.45,454.30K,-1.96%,-366.2999999999998,319.895,328.37
24-10-2022,316.6,315.45,317.8,313.0,142.45K,1.36%,-360.09999999999974,320.64500000000004,327.18
21-10-2022,312.35,318.0,319.75,310.2,576.48K,-1.54%,-367.4999999999997,321.37,325.175
20-10-2022,317.25,316.25,319.7,311.4,678.77K,-0.41%,-361.6499999999997,322.03249999999997,324.40999999999997
19-10-2022,318.55,323.0,324.0,315.15,1.29M,-1.09%,-358.24999999999966,322.71500000000003,323.175
18-10-2022,322.05,326.8,328.2,320.25,1.12M,-0.71%,-354.74999999999966,323.33000000000004,321.605
17-10-2022,324.35,318.6,328.5,311.75,1.32M,1.20%,-342.14999999999964,323.81499999999994,319.205
14-10-2022,320.5,325.7,329.1,318.5,863.44K,0.09%,-350.74999999999966,323.9225,317.49
13-10-2022,320.2,326.8,328.05,318.0,1.02M,-2.73%,-358.5999999999997,324.01000000000005,317.68500000000006
12-10-2022,329.2,328.2,332.0,317.1,1.14M,0.72%,-346.4999999999997,324.3975,319.145
11-10-2022,326.85,345.0,351.5,322.1,1.96M,-5.33%,-371.1499999999997,324.58,320.79
10-10-2022,345.25,340.6,346.95,333.85,3.22M,0.07%,-352.7499999999997,325.41749999999996,323.655
07-10-2022,345.0,330.0,347.75,328.0,5.55M,4.34%,-355.4999999999997,326.0475,326.91999999999996
06-10-2022,330.65,300.0,334.2,298.15,10.89M,12.75%,-369.84999999999974,326.335,328.26
04-10-2022,293.25,296.5,299.7,292.0,1.11M,0.46%,-407.2499999999997,324.4525,325.73
03-10-2022,291.9,300.0,304.9,289.1,835.13K,-2.81%,-420.2499999999997,322.15999999999997,322.71500000000003
30-09-2022,300.35,296.3,305.0,292.0,1.25M,0.43%,-411.79999999999967,319.76,320.315
29-09-2022,299.05,299.0,302.0,286.35,1.17M,2.40%,-414.74999999999966,317.83000000000004,318.17
28-09-2022,292.05,295.0,300.7,290.1,837.89K,-2.41%,-423.39999999999964,316.52,315.35499999999996
27-09-2022,299.25,297.75,308.6,296.55,1.11M,1.05%,-416.19999999999965,315.75249999999994,312.36
26-09-2022,296.15,310.3,316.0,293.25,2.04M,-7.19%,-436.04999999999967,315.04,309.29
23-09-2022,319.1,328.5,333.25,316.2,846.32K,-3.78%,-413.0999999999996,315.16499999999996,306.675
22-09-2022,331.65,335.5,340.25,329.05,905.62K,-1.68%,-400.54999999999967,316.13,305.34000000000003
21-09-2022,337.3,340.0,347.45,333.25,1.23M,-0.52%,-394.89999999999964,317.13250000000005,306.005
20-09-2022,339.05,346.0,353.8,336.0,1.95M,-1.52%,-391.8499999999996,318.15749999999997,310.585
19-09-2022,344.3,328.7,348.7,319.35,1.79M,4.54%,-366.89999999999964,319.27,315.825
16-09-2022,329.35,342.55,345.7,322.0,1.48M,-3.26%,-383.2499999999996,319.52000000000004,318.725
15-09-2022,340.45,348.4,348.4,337.3,1.09M,-1.26%,-372.14999999999964,320.51750000000004,322.865
14-09-2022,344.8,341.8,356.2,337.0,1.81M,0.22%,-364.3499999999996,321.7475,328.14
13-09-2022,344.05,350.6,351.25,342.1,932.34K,-1.33%,-371.5499999999996,322.49,332.62
12-09-2022,348.7,351.25,354.9,348.0,785.55K,-0.07%,-366.89999999999964,323.58250000000004,337.875
09-09-2022,348.95,353.45,355.0,346.0,875.56K,-0.75%,-363.94999999999965,323.76750000000004,340.86
08-09-2022,351.6,355.05,359.9,348.0,1.13M,-0.34%,-360.3499999999996,324.0975,342.855
07-09-2022,352.8,359.55,366.8,350.7,1.62M,-1.77%,-358.2499999999996,325.20500000000004,344.40500000000003
06-09-2022,359.15,358.75,364.8,351.1,1.94M,0.91%,-350.19999999999965,328.5,346.415
05-09-2022,355.9,351.5,369.0,344.0,3.29M,2.04%,-363.29999999999967,331.7,347.575
02-09-2022,348.8,356.45,358.8,343.25,1.71M,-1.26%,-373.29999999999967,334.1225,349.52000000000004
01-09-2022,353.25,342.0,358.5,342.0,4.28M,3.58%,-362.04999999999967,336.8325,350.8
30-08-2022,341.05,319.65,346.0,319.65,7.90M,7.23%,-374.24999999999966,339.2825,350.425
29-08-2022,318.05,309.0,325.0,307.55,805.96K,-0.44%,-397.24999999999966,340.2225,347.825
26-08-2022,319.45,322.35,326.9,317.05,615.74K,-0.67%,-394.8499999999997,341.3875,344.9
25-08-2022,321.6,325.65,327.7,318.45,776.59K,-1.08%,-391.69999999999965,341.5125,342.16499999999996
24-08-2022,325.1,320.55,327.8,317.85,1.47M,1.93%,-384.44999999999965,341.185,339.515
23-08-2022,318.95,301.95,322.5,300.0,1.92M,4.71%,-390.5999999999997,340.2675,336.13
22-08-2022,304.6,312.0,315.5,303.0,920.43K,-3.67%,-404.94999999999965,338.545,330.675
19-08-2022,316.2,326.5,328.55,314.0,999.04K,-3.27%,-393.3499999999997,337.14,326.70500000000004
18-08-2022,326.9,332.95,334.4,320.2,1.33M,-1.60%,-382.6499999999997,337.01750000000004,324.515
17-08-2022,332.2,334.5,342.0,330.6,1.84M,-0.40%,-377.3499999999997,336.605,322.40999999999997
16-08-2022,333.55,321.7,335.75,315.15,2.08M,4.22%,-358.94999999999965,336.0425,321.66
12-08-2022,320.05,313.0,321.5,312.1,1.35M,0.76%,-372.44999999999965,334.8425,321.86
11-08-2022,317.65,322.0,323.35,311.0,2.61M,-1.11%,-378.1499999999997,333.29,321.68
10-08-2022,321.2,316.1,323.7,303.2,7.42M,3.06%,-360.1499999999997,331.90250000000003,321.64
08-08-2022,311.65,287.2,317.0,284.1,8.53M,9.04%,-369.6999999999997,329.905,320.29499999999996
05-08-2022,285.8,273.0,288.4,270.0,3.53M,4.42%,-395.54999999999967,326.55499999999995,316.98
04-08-2022,273.7,265.75,274.7,255.0,2.87M,3.48%,-407.6499999999997,322.28249999999997,313.89
03-08-2022,264.5,260.0,266.7,254.5,2.35M,1.11%,-416.8499999999997,317.7125,308.71999999999997
02-08-2022,261.6,247.0,263.9,242.65,4.64M,6.28%,-419.74999999999966,313.3525,302.19
01-08-2022,246.15,239.95,247.0,236.0,1.81M,3.10%,-435.1999999999997,307.9975,293.585
29-07-2022,238.75,243.3,248.25,236.5,1.96M,-1.67%,-444.6999999999997,302.8825,284.105
28-07-2022,242.8,229.0,244.4,227.5,2.84M,6.61%,-429.3999999999997,299.12,276.38
27-07-2022,227.75,222.8,229.7,222.1,1.01M,2.22%,-444.4499999999997,294.53499999999997,267.39
26-07-2022,222.8,229.8,231.5,220.55,878.72K,-2.98%,-453.1499999999997,289.595,257.55
25-07-2022,229.65,236.4,237.8,229.0,1.36M,-3.33%,-446.2999999999997,284.8225,249.35
22-07-2022,237.55,249.9,249.9,235.0,4.99M,0.85%,-438.39999999999975,280.7525,244.525
21-07-2022,235.55,241.65,243.95,232.65,776.97K,-2.52%,-446.7999999999997,277.3,240.70999999999998
20-07-2022,241.65,238.0,248.8,234.1,1.47M,1.96%,-439.2499999999997,273.5725,238.425
19-07-2022,237.0,234.75,241.0,234.25,909.15K,1.26%,-443.89999999999975,269.0775,235.965
18-07-2022,234.05,232.5,236.75,228.4,854.76K,2.32%,-446.84999999999974,264.16999999999996,234.75500000000002
15-07-2022,228.75,232.2,233.15,225.3,553.80K,-1.38%,-452.14999999999975,258.93,233.75500000000002
14-07-2022,231.95,231.9,234.7,228.2,1.20M,1.58%,-448.39999999999975,254.525,232.67
13-07-2022,228.35,234.0,235.8,225.0,861.35K,-1.93%,-455.8499999999998,250.06,232.72999999999996
12-07-2022,232.85,228.3,238.7,227.2,2.11M,2.49%,-450.1999999999998,245.6425,233.73500000000004
11-07-2022,227.2,211.6,232.0,210.85,1.34M,7.04%,-455.8499999999998,241.42000000000002,233.49
08-07-2022,212.25,217.4,218.05,210.4,486.09K,-1.37%,-470.7999999999998,237.7425,230.95999999999998
07-07-2022,215.2,210.95,216.65,210.95,690.60K,3.39%,-466.5499999999998,234.81750000000002,228.925
06-07-2022,208.15,202.3,209.9,198.0,780.80K,2.92%,-473.5999999999998,232.0,225.575
05-07-2022,202.25,206.6,210.0,201.1,558.19K,-1.20%,-481.3499999999998,229.03249999999997,222.1
04-07-2022,204.7,205.7,207.8,201.35,444.17K,0.22%,-477.9999999999998,226.96000000000004,219.16499999999996
01-07-2022,204.25,204.3,207.75,199.0,662.11K,-1.78%,-481.4999999999998,225.23500000000004,216.71499999999997
30-06-2022,207.95,216.85,218.95,205.1,729.54K,-3.82%,-477.7999999999998,223.4925,214.315
29-06-2022,216.2,214.0,221.0,211.45,478.95K,-1.48%,-469.5499999999998,222.91500000000002,213.1
28-06-2022,219.45,217.75,225.0,211.8,892.78K,0.53%,-461.8999999999998,222.7475,211.76
27-06-2022,218.3,210.0,220.95,210.0,1.37M,4.65%,-464.5499999999998,222.18,210.86999999999998
24-06-2022,208.6,206.8,211.4,202.0,812.25K,2.43%,-474.2499999999998,220.7325,210.50499999999997
23-06-2022,203.65,206.1,211.2,197.35,736.46K,-1.04%,-481.7999999999997,219.1375,209.35
22-06-2022,205.8,211.25,213.4,203.6,957.77K,-2.63%,-479.5999999999997,217.34500000000003,209.115
21-06-2022,211.35,199.8,213.7,192.0,1.26M,8.11%,-460.24999999999966,216.0625,210.025
20-06-2022,195.5,210.15,210.15,182.05,2.72M,-6.97%,-476.0999999999997,214.135,209.10500000000002
17-06-2022,210.15,212.0,219.45,204.85,1.16M,-1.06%,-461.4499999999997,213.205,209.695
16-06-2022,212.4,229.95,234.0,210.55,877.79K,-5.81%,-459.1999999999997,212.22750000000002,210.14000000000001
15-06-2022,225.5,229.8,229.8,224.0,522.91K,-0.53%,-446.0999999999997,212.08499999999998,211.07000000000002
14-06-2022,226.7,230.0,236.75,222.25,895.08K,-1.76%,-441.6499999999997,211.7775,211.79500000000002
13-06-2022,230.75,246.5,247.2,227.7,966.17K,-6.86%,-437.5999999999997,211.955,213.04000000000002
10-06-2022,247.75,242.85,259.75,239.55,2.39M,1.75%,-420.5999999999997,213.73000000000002,216.955
09-06-2022,243.5,245.55,250.5,242.0,695.55K,-1.83%,-427.5999999999997,215.14499999999998,220.94
08-06-2022,248.05,255.0,255.5,247.0,410.84K,-1.92%,-423.04999999999967,217.14000000000001,225.16500000000002
07-06-2022,252.9,254.0,258.0,251.1,438.93K,-1.10%,-418.1999999999997,219.67249999999999,229.32
06-06-2022,255.7,265.0,265.0,254.0,580.23K,-1.86%,-415.39999999999975,222.2225,235.34
03-06-2022,260.55,268.4,271.7,258.0,645.89K,-1.31%,-410.5499999999997,225.0375,240.38000000000002
02-06-2022,264.0,266.4,273.2,262.6,588.42K,-0.23%,-407.09999999999974,227.84,245.53999999999996
01-06-2022,264.6,278.0,278.6,262.65,933.18K,-4.36%,-405.1499999999997,230.26000000000005,249.45
31-05-2022,276.65,283.0,284.0,274.0,530.81K,-2.74%,-393.09999999999974,233.11999999999998,254.445
30-05-2022,284.45,285.8,290.95,282.0,375.86K,0.37%,-385.2999999999997,236.4275,259.815
27-05-2022,283.4,282.7,288.9,280.1,602.06K,1.87%,-390.7999999999997,240.16750000000002,263.38
26-05-2022,278.2,274.0,284.9,256.8,1.42M,1.72%,-397.4999999999997,243.89500000000004,266.85
25-05-2022,273.5,295.9,299.0,270.05,952.28K,-7.00%,-422.9999999999997,247.28000000000003,269.395
24-05-2022,294.1,316.0,322.0,291.55,1.20M,-5.25%,-402.3999999999997,251.41749999999996,273.515
23-05-2022,310.4,295.15,325.0,286.1,2.78M,5.81%,-378.09999999999974,257.1625,278.985
20-05-2022,293.35,272.7,293.7,269.2,1.81M,9.87%,-395.1499999999997,261.3225,282.265
19-05-2022,267.0,273.5,276.6,265.0,506.85K,-4.16%,-421.4999999999997,264.05249999999995,282.56499999999994
18-05-2022,278.6,276.4,295.95,275.95,1.37M,1.98%,-409.8999999999997,266.7075,283.965
17-05-2022,273.2,258.4,278.0,250.05,810.03K,8.01%,-415.2999999999997,269.03249999999997,283.62
16-05-2022,252.95,258.0,258.45,242.6,420.70K,2.35%,-435.5499999999997,270.1425,280.46999999999997
13-05-2022,247.15,257.0,265.0,244.0,633.68K,-1.83%,-453.39999999999975,270.1125,276.84499999999997
12-05-2022,251.75,259.7,261.95,237.0,883.68K,-2.61%,-438.64999999999975,270.525,274.2
11-05-2022,258.5,280.1,289.0,251.35,1.07M,-7.43%,-431.4999999999998,271.0475,272.7
10-05-2022,279.25,280.5,301.5,273.0,607.15K,-2.33%,-410.7499999999998,272.365,271.21500000000003
09-05-2022,285.9,299.0,301.0,281.0,709.41K,-5.13%,-404.0999999999998,273.875,268.765
06-05-2022,301.35,300.0,308.55,294.3,711.47K,-1.81%,-388.64999999999975,275.915,269.565
05-05-2022,306.9,314.7,318.3,301.0,812.04K,-0.71%,-382.7499999999998,278.06,273.555
04-05-2022,309.1,320.0,320.15,302.05,2.00M,1.36%,-375.69999999999976,280.28499999999997,276.60499999999996
02-05-2022,304.95,314.2,314.85,301.8,1.03M,-4.00%,-385.5999999999998,281.7,279.78
29-04-2022,317.65,330.4,334.5,315.0,452.24K,-3.86%,-372.8999999999998,283.36,286.25
28-04-2022,330.4,342.45,344.5,328.3,489.92K,-3.48%,-360.1499999999998,285.71,294.575
27-04-2022,342.3,345.0,353.7,336.0,1.01M,-1.10%,-348.2499999999998,288.91499999999996,303.63
26-04-2022,346.1,332.7,346.1,331.0,1.67M,4.99%,-333.14999999999975,292.54499999999996,312.39
25-04-2022,329.65,337.95,341.0,327.15,646.71K,-4.09%,-349.5999999999998,294.32250000000005,317.43
22-04-2022,343.7,345.5,354.0,342.0,340.74K,1.06%,-335.5499999999998,295.9875,323.21
21-04-2022,340.1,334.0,348.0,334.0,439.22K,1.54%,-343.44999999999976,298.325,327.085
20-04-2022,334.95,338.0,342.0,327.6,309.88K,-0.80%,-350.4999999999998,301.7225,329.89
19-04-2022,337.65,348.0,354.95,325.05,859.11K,-1.32%,-337.8999999999998,304.675,332.745
18-04-2022,342.15,325.0,342.15,315.0,649.26K,4.99%,-310.74999999999983,308.1225,336.46500000000003
13-04-2022,325.9,340.0,340.05,325.0,452.61K,-4.67%,-326.99999999999983,311.77000000000004,337.29
12-04-2022,341.85,353.0,354.0,341.85,458.89K,-4.99%,-311.0499999999998,316.505,338.435
11-04-2022,359.8,346.9,359.85,335.35,883.47K,4.97%,-286.5999999999998,321.90749999999997,340.18500000000006
08-04-2022,342.75,332.45,343.85,330.0,879.78K,4.53%,-303.6499999999998,326.12,339.85
07-04-2022,327.9,342.0,346.0,321.9,514.53K,-3.22%,-321.74999999999983,328.55249999999995,339.675
06-04-2022,338.8,339.0,347.8,335.0,1.18M,-0.60%,-310.8499999999998,331.1975,339.185
05-04-2022,340.85,340.85,340.85,330.0,1.34M,4.99%,-299.9999999999998,333.1725,339.26
04-04-2022,324.65,314.0,324.65,314.0,616.42K,5.00%,-316.1999999999998,334.06,338.22999999999996
01-04-2022,309.2,302.0,315.0,295.2,280.52K,2.32%,-331.6499999999998,334.06499999999994,335.385
31-03-2022,302.2,301.9,303.0,294.95,483.21K,0.90%,-338.6499999999998,333.9275,331.39
30-03-2022,299.5,299.4,303.3,294.0,397.71K,1.78%,-342.4499999999998,333.02000000000004,328.75
29-03-2022,294.25,304.85,304.85,292.05,339.86K,-2.73%,-353.04999999999984,331.2125,323.99
28-03-2022,302.5,290.0,305.75,289.0,622.49K,2.02%,-339.54999999999984,329.2225,318.26
25-03-2022,296.5,300.5,303.95,295.0,398.75K,-1.80%,-346.99999999999983,326.7425,313.635
24-03-2022,301.95,297.75,303.7,295.75,164.89K,1.27%,-340.79999999999984,325.3575,311.04
23-03-2022,298.15,301.15,305.0,297.0,148.10K,-1.00%,-347.64999999999986,323.08,306.975
22-03-2022,301.15,304.7,306.0,300.0,166.24K,-1.17%,-344.64999999999986,321.13250000000005,303.005
21-03-2022,304.7,304.8,307.0,298.0,143.22K,2.01%,-337.9499999999999,319.62,301.01
17-03-2022,298.7,314.8,317.0,293.15,514.30K,-2.88%,-356.2499999999999,317.6725,299.96
16-03-2022,307.55,311.0,314.65,303.5,164.02K,-0.50%,-347.39999999999986,315.9425,300.495
15-03-2022,309.1,317.9,317.9,306.2,144.89K,-2.04%,-344.49999999999983,315.10249999999996,301.455
14-03-2022,315.55,312.0,317.3,307.0,152.12K,0.65%,-335.9499999999998,313.7875,303.585
11-03-2022,313.5,315.45,318.0,308.2,467.93K,-0.57%,-340.4499999999998,311.47249999999997,304.685
10-03-2022,315.3,318.4,323.9,312.4,559.98K,0.70%,-337.5499999999998,310.1,306.56499999999994
09-03-2022,313.1,307.85,313.1,301.0,583.01K,5.00%,-339.7499999999998,309.36,307.68
08-03-2022,298.2,312.0,318.7,297.1,974.99K,-4.64%,-360.2499999999998,307.33000000000004,307.685
07-03-2022,312.7,318.05,322.25,312.6,865.74K,-4.97%,-345.7499999999998,305.9225,308.84
04-03-2022,329.05,337.5,341.75,325.1,849.48K,-2.46%,-329.39999999999975,306.14250000000004,311.275
03-03-2022,337.35,344.4,346.0,330.5,989.48K,-0.53%,-321.09999999999974,307.55,315.14
02-03-2022,339.15,340.5,353.0,335.0,1.17M,-0.31%,-316.94999999999976,309.3975,318.3
28-02-2022,340.2,330.0,342.0,321.0,493.81K,1.86%,-297.7499999999998,311.4325,321.41
25-02-2022,334.0,310.0,336.0,310.0,481.53K,4.29%,-303.94999999999976,313.41999999999996,323.255
24-02-2022,320.25,327.5,327.5,320.25,589.47K,-5.00%,-317.69999999999976,314.3075,323.93
23-02-2022,337.1,327.0,340.5,327.0,746.12K,2.88%,-300.84999999999974,316.3375,326.11
22-02-2022,327.65,330.5,335.0,323.0,1.09M,-3.45%,-310.2999999999998,317.6225,327.56499999999994
21-02-2022,339.35,338.2,342.0,333.0,941.76K,-0.22%,-298.59999999999974,319.6825,331.68
18-02-2022,340.1,338.0,343.7,327.0,784.24K,0.67%,-285.4999999999997,321.63,334.42
17-02-2022,337.85,325.1,340.0,325.1,1.02M,2.01%,-287.7499999999997,323.2875,335.3
16-02-2022,331.2,325.0,334.0,320.1,631.80K,0.73%,-294.39999999999975,324.9125,334.68500000000006
15-02-2022,328.8,317.0,334.0,308.15,462.03K,1.37%,-299.59999999999974,325.975,333.65
14-02-2022,324.35,338.0,338.0,324.25,452.32K,-4.97%,-313.2499999999997,326.7375,332.06500000000005
11-02-2022,341.3,328.0,341.3,327.05,1.10M,5.00%,-296.2999999999997,328.025,332.795
10-02-2022,325.05,307.0,325.05,302.1,1.36M,4.99%,-312.5499999999997,328.6025,333.275
09-02-2022,309.6,308.7,311.35,305.0,745.18K,0.44%,-327.9999999999997,328.3175,330.525
08-02-2022,308.25,304.9,309.9,301.0,419.62K,1.36%,-329.6499999999997,328.075,328.58500000000004
07-02-2022,304.1,296.0,305.0,296.0,362.56K,2.13%,-333.79999999999967,328.37,325.06
04-02-2022,297.75,298.2,303.55,295.25,263.63K,-1.28%,-340.1499999999997,327.6225,320.825
03-02-2022,301.6,304.8,305.0,298.0,187.62K,-0.58%,-336.29999999999967,326.25,317.2
02-02-2022,303.35,309.0,309.7,297.0,381.88K,-1.43%,-329.94999999999965,324.55000000000007,314.415
01-02-2022,307.75,306.45,309.55,300.0,198.94K,0.42%,-322.19999999999965,322.98,312.31000000000006
31-01-2022,306.45,305.0,309.5,291.0,451.60K,3.69%,-325.24999999999966,321.2925,310.52
28-01-2022,295.55,305.85,308.0,292.0,255.76K,-1.10%,-337.69999999999965,319.37,305.94500000000005
27-01-2022,298.85,304.95,312.0,297.1,2.09M,-1.84%,-334.39999999999964,318.3,303.325
25-01-2022,304.45,295.0,313.7,292.2,1.78M,1.08%,-322.14999999999964,316.66749999999996,302.81
24-01-2022,301.2,308.85,311.0,296.0,2.00M,-2.48%,-331.94999999999965,315.345,302.105
21-01-2022,308.85,319.95,319.95,304.3,1.22M,-2.68%,-324.2999999999996,313.82,302.58000000000004
20-01-2022,317.35,313.8,319.3,304.7,603.83K,1.13%,-311.6499999999996,312.6825,304.54
19-01-2022,313.8,303.7,318.85,292.55,661.94K,3.33%,-316.6999999999996,311.48,305.76000000000005
18-01-2022,303.7,318.0,318.0,302.8,214.95K,-2.83%,-330.9999999999996,310.105,305.79499999999996
17-01-2022,312.55,308.0,315.0,308.0,258.30K,1.61%,-322.1499999999996,309.2925,306.275
14-01-2022,307.6,310.0,313.0,305.75,277.97K,-0.31%,-327.54999999999956,308.455,306.39
13-01-2022,308.55,311.0,313.9,302.05,174.33K,-0.77%,-321.04999999999956,306.8175,307.69
12-01-2022,310.95,308.0,313.0,305.75,326.46K,-0.99%,-315.84999999999957,306.1125,308.9
11-01-2022,314.05,321.0,321.45,310.0,371.67K,-1.06%,-311.79999999999956,306.335,309.86
10-01-2022,317.4,307.45,318.0,306.5,413.70K,3.24%,-300.8999999999996,306.7925,311.48
07-01-2022,307.45,305.1,309.5,302.25,626.30K,2.57%,-310.84999999999957,306.96000000000004,311.34000000000003
06-01-2022,299.75,292.05,303.0,289.6,359.02K,1.30%,-318.54999999999956,307.06000000000006,309.58000000000004
05-01-2022,295.9,304.2,305.0,288.05,1.50M,-2.41%,-327.6499999999996,306.775,307.79
04-01-2022,303.2,298.0,304.8,295.1,982.95K,1.40%,-319.5499999999996,306.7675,307.74
03-01-2022,299.0,305.0,305.7,297.75,1.02M,-0.50%,-326.2499999999996,306.33,306.385
31-12-2021,300.5,308.0,308.0,298.0,651.78K,0.38%,-323.7499999999996,306.03249999999997,305.675
30-12-2021,299.35,308.9,309.0,298.0,392.72K,-2.19%,-333.3999999999996,306.22249999999997,304.755
29-12-2021,306.05,311.95,312.75,303.7,736.92K,-1.19%,-326.6999999999996,306.58250000000004,304.265
28-12-2021,309.75,311.7,313.0,305.25,198.69K,-0.51%,-322.1999999999996,306.8475,303.835
27-12-2021,311.35,301.0,312.9,296.05,728.40K,2.98%,-306.8999999999996,307.35499999999996,303.22999999999996
24-12-2021,302.35,295.0,304.95,288.6,1.07M,1.75%,-315.8999999999996,307.03000000000003,302.71999999999997
23-12-2021,297.15,298.0,299.95,289.0,775.56K,0.17%,-321.0999999999996,306.02,302.46
22-12-2021,296.65,294.0,297.45,291.0,500.73K,1.37%,-321.89999999999964,305.1625,302.53499999999997
21-12-2021,292.65,286.5,294.6,279.05,962.43K,3.21%,-325.89999999999964,304.61,301.48
20-12-2021,283.55,282.95,286.75,272.5,459.93K,-1.13%,-334.9999999999996,303.15999999999997,299.935
17-12-2021,286.8,295.0,305.0,283.0,833.67K,-2.66%,-331.1999999999996,302.12,298.565
16-12-2021,294.65,290.0,300.0,280.1,446.30K,1.22%,-316.64999999999964,301.425,298.095
15-12-2021,291.1,296.9,296.9,290.0,439.72K,-1.49%,-322.4499999999996,300.4325,296.6
14-12-2021,295.5,292.55,299.0,285.25,445.41K,-1.58%,-312.1999999999996,299.505,295.175
13-12-2021,300.25,304.4,304.55,298.4,254.99K,0.30%,-307.4499999999996,298.64750000000004,294.065
10-12-2021,299.35,300.0,304.85,295.0,454.90K,1.30%,-312.9499999999996,298.24249999999995,293.765
09-12-2021,295.5,311.5,312.0,294.4,523.10K,-4.04%,-329.4499999999996,298.03,293.6
08-12-2021,307.95,309.0,312.9,306.0,1.15M,0.31%,-316.9999999999996,298.6325,294.73
07-12-2021,307.0,308.0,318.7,305.0,1.54M,-1.19%,-328.6999999999996,298.82250000000005,296.16499999999996
06-12-2021,310.7,325.0,325.0,308.0,851.20K,-3.84%,-324.9999999999996,299.4075,298.88
03-12-2021,323.1,323.45,325.0,315.0,1.13M,2.04%,-312.59999999999957,300.5375,302.51
02-12-2021,316.65,307.0,316.7,305.0,1.01M,4.97%,-319.0499999999996,301.40250000000003,304.71
01-12-2021,301.65,297.95,301.65,290.0,1.30M,4.99%,-334.0499999999996,301.1825,305.765
30-11-2021,287.3,286.05,304.75,281.0,5.97M,-1.02%,-351.4999999999996,300.06,304.945
29-11-2021,290.25,293.0,295.0,286.85,1.54M,-3.86%,-348.0999999999996,299.005,303.945
26-11-2021,301.9,314.5,316.5,301.15,1.50M,-4.76%,-336.44999999999965,298.98249999999996,304.2
25-11-2021,317.0,307.0,323.15,299.9,1.55M,2.99%,-319.3499999999996,299.975,306.35
24-11-2021,307.8,315.0,319.9,302.6,1.73M,-0.02%,-331.4499999999996,300.53249999999997,306.33500000000004
23-11-2021,307.85,290.0,309.0,290.0,768.81K,4.60%,-313.59999999999957,301.2925,306.42
22-11-2021,294.3,280.55,302.0,280.55,2.05M,-0.34%,-327.1499999999996,301.83000000000004,304.78000000000003
18-11-2021,295.3,310.0,314.9,295.3,1.17M,-4.99%,-326.1499999999996,302.255,302.0
17-11-2021,310.8,322.4,325.0,307.0,2.00M,-3.60%,-310.6499999999996,303.0625,301.415
16-11-2021,322.4,328.4,332.8,319.0,1.61M,0.03%,-299.0499999999996,304.62749999999994,303.48999999999995
15-11-2021,322.3,322.6,324.95,312.75,1.73M,-0.09%,-301.6999999999996,305.9675,306.99
12-11-2021,322.6,334.0,334.0,319.75,1.19M,-3.28%,-298.84999999999957,307.085,310.225
11-11-2021,333.55,321.0,335.55,319.0,1.03M,4.36%,-284.29999999999956,308.795,313.39
10-11-2021,319.6,324.0,326.9,315.0,1.15M,0.46%,-298.24999999999955,310.0,313.65
09-11-2021,318.15,309.0,331.0,309.0,2.17M,0.27%,-311.09999999999957,310.51,314.685
08-11-2021,317.3,332.5,332.5,316.2,1.73M,-4.57%,-326.29999999999956,311.02500000000003,315.63
04-11-2021,332.5,336.0,339.7,328.8,193.20K,0.42%,-311.09999999999957,312.115,319.45
03-11-2021,331.1,340.0,342.8,326.0,1.80M,-1.66%,-322.79999999999956,312.515,323.03000000000003
02-11-2021,336.7,342.25,348.0,326.75,1.43M,-1.62%,-312.84999999999957,313.5175,325.62
01-11-2021,342.25,335.15,353.3,335.0,1.51M,-1.84%,-305.59999999999957,315.5475,327.605
29-10-2021,348.65,345.0,356.0,337.5,2.80M,0.11%,-294.4499999999996,318.615,330.24
28-10-2021,348.25,368.95,369.7,348.25,1.94M,-4.99%,-315.8999999999996,321.515,332.805
27-10-2021,366.55,369.0,378.0,364.0,2.07M,-0.87%,-297.59999999999957,324.74750000000006,336.105
26-10-2021,369.75,374.95,379.0,360.0,1.33M,-1.10%,-287.84999999999957,327.38500000000005,341.12
25-10-2021,373.85,387.0,388.0,367.1,1.27M,-1.84%,-281.09999999999957,330.6875,346.69
22-10-2021,380.85,375.1,384.0,373.0,1.52M,2.67%,-273.24999999999955,334.3375,353.04499999999996
21-10-2021,370.95,380.0,384.8,365.0,3.42M,-1.40%,-287.09999999999957,338.17,356.89
20-10-2021,376.2,375.0,391.9,363.0,1.78M,-0.79%,-273.8999999999996,342.21500000000003,361.4
19-10-2021,379.2,394.85,396.0,372.3,1.17M,-3.23%,-266.9999999999996,345.635,365.65
18-10-2021,391.85,401.9,401.9,385.0,1.30M,-0.55%,-254.34999999999957,349.10749999999996,370.61
14-10-2021,394.0,398.85,408.0,390.5,1.14M,-1.20%,-250.84999999999957,352.6925,375.145
13-10-2021,398.8,385.0,398.8,380.1,2.00M,4.99%,-232.14999999999958,356.5025,380.2
12-10-2021,379.85,389.0,394.7,376.0,773.62K,-2.36%,-251.09999999999957,358.8175,381.53
11-10-2021,389.05,381.75,393.0,375.1,647.56K,1.91%,-237.14999999999958,362.29,383.46
08-10-2021,381.75,386.95,389.0,375.0,441.14K,0.69%,-244.4499999999996,365.46999999999997,384.25
07-10-2021,379.15,375.1,385.0,372.85,641.77K,-0.39%,-250.2999999999996,368.5625,384.08000000000004
06-10-2021,380.65,390.0,391.65,378.0,452.41K,-2.08%,-247.64999999999964,370.96999999999997,385.05
05-10-2021,388.75,388.7,389.95,372.0,2.18M,2.53%,-230.89999999999964,373.8525,386.305
04-10-2021,379.15,389.0,393.4,373.8,987.50K,-1.57%,-245.14999999999964,375.975,386.3
01-10-2021,385.2,392.0,398.45,378.1,1.18M,-1.21%,-238.04999999999967,378.12250000000006,385.635
30-09-2021,389.9,390.8,395.5,385.0,1.30M,1.26%,-233.1499999999997,380.185,385.225
29-09-2021,385.05,379.0,385.1,360.0,1.55M,4.98%,-237.99999999999966,382.025,383.85
28-09-2021,366.8,345.0,367.55,344.5,1.60M,4.79%,-256.24999999999966,382.0375,382.545
27-09-2021,350.05,345.2,351.5,339.55,1.01M,0.00%,-272.99999999999966,381.05249999999995,378.645
24-09-2021,350.05,350.9,352.9,340.0,644.78K,-0.24%,-272.99999999999966,379.8625,375.475
23-09-2021,350.9,345.7,354.4,336.1,1.12M,3.30%,-258.1999999999997,378.365,372.65
22-09-2021,339.7,342.0,345.75,333.0,768.69K,0.50%,-269.3999999999997,376.8025,368.555
21-09-2021,338.0,334.8,339.75,321.0,1.15M,2.18%,-271.1499999999997,374.89250000000004,363.48
20-09-2021,330.8,318.4,339.6,315.95,1.60M,2.27%,-279.9499999999997,372.4725,358.64500000000004
17-09-2021,323.45,314.0,326.9,312.0,5.73M,3.89%,-287.2999999999997,369.0525,352.46999999999997
16-09-2021,311.35,319.0,319.0,305.0,1.76M,0.45%,-299.3999999999997,364.91999999999996,344.615
15-09-2021,309.95,319.3,319.3,295.1,2.15M,0.70%,-308.7499999999997,360.4775,337.105
14-09-2021,307.8,307.75,307.8,299.05,2.08M,5.00%,-310.8999999999997,356.875,331.205
13-09-2021,293.15,293.0,293.15,285.0,848.75K,5.00%,-325.5499999999997,352.08000000000004,325.515
09-09-2021,279.2,268.0,279.2,267.0,1.39M,4.98%,-339.4999999999997,346.9525,318.42999999999995
08-09-2021,265.95,256.95,267.3,253.5,1.66M,4.46%,-352.7499999999997,341.29249999999996,309.935
07-09-2021,254.6,253.05,257.9,252.5,1.89M,-0.82%,-364.0999999999997,334.99,301.425
06-09-2021,256.7,256.0,259.9,251.0,1.65M,0.67%,-358.3999999999997,328.3875,293.29499999999996
03-09-2021,255.0,256.0,257.0,250.1,504.48K,0.33%,-360.3999999999997,322.18,285.715
02-09-2021,254.15,258.4,262.5,252.0,401.09K,-0.45%,-368.74999999999966,315.62749999999994,278.78499999999997
01-09-2021,255.3,268.3,268.5,253.1,965.29K,-3.53%,-366.5499999999996,308.8975,273.18
31-08-2021,264.65,253.0,264.8,248.4,2.26M,4.94%,-350.2999999999996,302.87749999999994,268.65
30-08-2021,252.2,251.0,256.25,242.0,2.07M,1.20%,-362.7499999999996,297.1475,263.09000000000003
27-08-2021,249.2,242.7,249.8,236.0,2.12M,4.73%,-365.7499999999996,292.105,258.695
26-08-2021,237.95,228.95,237.95,226.0,1.64M,4.99%,-376.9999999999996,286.5,254.57000000000002
25-08-2021,226.65,216.0,226.65,216.0,3.63M,4.98%,-388.2999999999996,280.28749999999997,250.63999999999996
24-08-2021,215.9,213.85,221.4,213.85,1.22M,-4.09%,-399.0499999999996,274.09749999999997,246.76999999999998
23-08-2021,225.1,235.9,237.65,225.1,1.29M,-4.98%,-389.8499999999996,268.4525,243.60999999999999
20-08-2021,236.9,239.9,243.0,234.1,2.03M,-3.40%,-378.0499999999996,263.7575,241.8
18-08-2021,245.25,246.0,250.0,241.15,970.64K,-1.96%,-369.6999999999996,259.84749999999997,240.91
17-08-2021,250.15,245.3,252.5,239.5,2.17M,1.15%,-359.0499999999996,256.7875,240.39499999999998
16-08-2021,247.3,242.5,249.2,232.0,1.22M,3.15%,-361.89999999999964,253.65499999999997,238.66000000000003
13-08-2021,239.75,244.5,249.3,238.0,1.69M,0.13%,-371.44999999999965,250.2525,237.41500000000002
12-08-2021,239.45,231.0,239.75,230.0,2.46M,4.86%,-371.74999999999966,247.56749999999997,236.44
11-08-2021,228.35,230.25,233.0,223.15,2.33M,-2.77%,-382.8499999999997,245.025,235.47999999999996
10-08-2021,234.85,249.0,249.0,234.75,2.33M,-4.96%,-376.3499999999997,243.46999999999997,236.3
09-08-2021,247.1,253.0,253.0,245.7,2.29M,-0.70%,-364.0999999999997,243.09499999999997,239.42000000000002
06-08-2021,248.85,248.35,251.55,244.8,3.59M,1.10%,-360.0499999999997,242.70250000000001,241.79500000000002
05-08-2021,246.15,249.0,249.0,244.1,1.66M,-0.36%,-362.89999999999975,242.26,242.72000000000003
04-08-2021,247.05,245.15,249.85,241.0,2.01M,0.78%,-356.84999999999974,241.90500000000003,242.9
03-08-2021,245.15,244.0,251.3,240.0,2.50M,0.68%,-362.9999999999998,241.39749999999998,242.4
02-08-2021,243.5,252.0,254.95,240.6,5.41M,-3.58%,-374.44999999999976,240.33999999999997,242.01999999999998
30-07-2021,252.55,251.0,254.8,242.0,2.41M,1.00%,-363.89999999999975,240.3575,243.3
29-07-2021,250.05,243.1,257.0,242.1,3.87M,-1.34%,-370.84999999999974,240.4,244.35999999999999
28-07-2021,253.45,254.4,258.3,241.3,6.49M,0.34%,-358.69999999999976,241.175,246.87000000000003
27-07-2021,252.6,242.0,255.95,235.0,7.37M,4.79%,-362.0499999999997,242.47250000000003,248.64500000000004
26-07-2021,241.05,240.95,255.0,232.45,9.03M,0.12%,-375.9999999999997,243.73000000000002,248.03999999999996
23-07-2021,240.75,219.25,246.4,217.25,16.30M,10.82%,-381.64999999999975,244.5125,247.23000000000002
22-07-2021,217.25,203.1,221.05,202.2,7.54M,7.79%,-405.14999999999975,243.53000000000003,244.33999999999997
20-07-2021,201.55,197.0,204.4,190.55,5.57M,2.57%,-420.84999999999974,241.34499999999997,239.79000000000002
19-07-2021,196.5,191.5,202.0,189.25,7.09M,1.26%,-426.34999999999974,238.6625,234.925
16-07-2021,194.05,190.0,195.3,185.35,5.15M,2.73%,-428.7999999999997,236.0,229.98000000000002
15-07-2021,188.9,174.0,190.0,172.5,8.46M,9.03%,-433.9499999999997,233.45750000000004,223.615
14-07-2021,173.25,168.2,175.0,167.1,4.70M,3.06%,-449.5999999999997,230.14750000000004,215.935
13-07-2021,168.1,172.0,172.65,167.3,2.30M,-1.67%,-454.74999999999966,227.135,207.4
12-07-2021,170.95,168.0,172.5,167.35,4.44M,1.88%,-451.14999999999964,223.94,199.23499999999999
09-07-2021,167.8,167.1,170.65,164.5,5.16M,0.42%,-454.2999999999996,219.975,191.91
08-07-2021,167.1,167.9,174.4,166.3,5.54M,0.00%,-461.5999999999996,215.8875,184.54500000000002
07-07-2021,167.1,165.0,168.5,163.0,2.52M,1.21%,-461.5999999999996,211.935,179.53
06-07-2021,165.1,169.8,169.9,162.6,3.41M,-2.39%,-466.39999999999964,207.8375,175.88500000000002
05-07-2021,169.15,169.65,171.35,165.7,2.05M,0.51%,-462.3499999999996,204.0375,173.15
02-07-2021,168.3,176.35,176.35,167.55,4.39M,-3.47%,-470.39999999999964,200.27749999999997,170.575
01-07-2021,174.35,168.4,177.0,163.35,5.93M,3.93%,-459.39999999999964,196.3675,169.12
30-06-2021,167.75,164.5,171.65,161.4,7.00M,3.14%,-465.99999999999966,192.2525,168.57
29-06-2021,162.65,153.0,165.0,148.25,6.19M,5.89%,-471.0999999999997,187.7125,168.025
28-06-2021,153.6,154.1,157.25,152.0,3.40M,-0.16%,-480.1499999999997,182.7625,166.29000000000002
25-06-2021,153.85,159.0,159.95,152.2,2.07M,-2.72%,-478.49999999999966,178.4025,164.89499999999998
24-06-2021,158.15,161.8,162.35,157.1,1.65M,-2.01%,-474.19999999999965,174.27249999999998,164.0
23-06-2021,161.4,162.85,164.5,158.4,3.03M,-0.43%,-470.94999999999965,171.48,163.43
22-06-2021,162.1,159.9,163.9,158.1,2.64M,2.14%,-466.94999999999965,169.5075,163.13
21-06-2021,158.7,154.0,161.4,151.5,3.01M,0.47%,-470.3499999999997,167.6175,162.085
18-06-2021,157.95,161.2,162.4,145.3,8.47M,-1.92%,-474.7999999999997,165.8125,161.05
17-06-2021,161.05,163.25,166.0,157.8,6.16M,-2.36%,-471.5499999999997,164.42000000000002,159.72
16-06-2021,164.95,153.9,168.3,153.05,8.97M,7.42%,-459.64999999999975,164.005,159.44
15-06-2021,153.55,156.5,157.75,152.2,2.61M,-1.38%,-471.0499999999997,163.2775,158.53000000000003
14-06-2021,155.7,156.95,157.3,150.25,6.19M,1.40%,-465.59999999999974,162.515,158.73999999999998
11-06-2021,153.55,151.4,156.4,151.25,6.69M,1.99%,-468.4499999999997,161.8025,158.71
10-06-2021,150.55,146.45,152.0,144.0,5.69M,3.58%,-471.4499999999997,160.975,157.95
09-06-2021,145.35,144.5,156.7,142.0,18.18M,1.22%,-482.7999999999997,159.8875,156.34499999999997
08-06-2021,143.6,140.9,146.9,139.05,8.12M,2.46%,-486.09999999999974,158.8125,154.495
07-06-2021,140.15,136.4,143.0,136.4,8.02M,3.74%,-489.5499999999997,157.3625,152.64
04-06-2021,135.1,137.8,137.8,133.5,5.75M,-0.77%,-494.59999999999974,155.70250000000001,150.35500000000002
03-06-2021,136.15,131.6,147.8,131.6,14.92M,4.05%,-490.0499999999997,153.79250000000002,147.86499999999998
02-06-2021,130.85,126.75,132.4,125.3,24.13M,3.85%,-495.34999999999974,151.94750000000002,144.455
01-06-2021,126.0,118.0,127.7,117.5,31.71M,7.01%,-500.1999999999997,150.115,141.7
31-05-2021,117.75,117.0,119.65,116.05,6.12M,1.38%,-508.4499999999997,148.32250000000002,137.90500000000003
28-05-2021,116.15,116.6,118.5,115.25,3.65M,0.39%,-510.7999999999997,146.4375,134.165
27-05-2021,115.7,115.5,118.4,114.95,4.85M,0.52%,-513.4999999999998,144.315,130.68
26-05-2021,115.1,118.0,118.1,114.2,2.21M,-2.54%,-516.4999999999998,142.0,127.655
25-05-2021,118.1,117.2,119.4,117.0,2.75M,1.03%,-513.4999999999998,139.8,125.10499999999999
24-05-2021,116.9,118.0,119.5,115.0,3.92M,-0.17%,-516.0999999999998,137.70999999999998,122.78
21-05-2021,117.1,118.2,118.5,115.7,3.14M,-0.26%,-514.6999999999998,135.6675,120.97999999999999
20-05-2021,117.4,116.5,118.3,115.25,2.71M,-0.34%,-512.5499999999998,133.48499999999999,119.10499999999999
19-05-2021,117.8,116.55,119.45,115.9,4.03M,1.77%,-510.64999999999986,131.1275,117.8
18-05-2021,115.75,113.8,117.0,113.4,3.84M,2.03%,-512.6999999999998,129.2375,116.775
17-05-2021,113.45,115.0,115.8,111.4,4.39M,-0.61%,-515.0499999999998,127.125,116.34499999999998
14-05-2021,114.15,118.4,118.7,110.1,5.91M,-2.93%,-510.99999999999983,125.155,116.14500000000001
12-05-2021,117.6,121.7,121.8,115.6,5.54M,-2.61%,-507.54999999999984,123.50750000000001,116.335
11-05-2021,120.75,117.8,125.5,117.25,7.38M,1.34%,-504.04999999999984,122.27749999999999,116.9
10-05-2021,119.15,117.7,119.9,115.65,4.86M,2.01%,-505.64999999999986,121.05499999999999,117.005
07-05-2021,116.8,117.55,118.45,115.25,4.54M,0.26%,-507.9999999999999,119.8875,116.995
06-05-2021,116.5,120.0,120.5,115.0,8.92M,-2.43%,-511.9999999999999,118.95750000000001,116.93499999999999
05-05-2021,119.4,111.3,120.95,109.2,30.82M,8.35%,-501.7999999999999,118.11999999999998,117.13500000000002
04-05-2021,110.2,114.95,116.0,106.5,11.60M,-0.32%,-510.9999999999999,117.0875,116.375
03-05-2021,110.55,109.6,113.3,109.0,6.02M,0.87%,-509.4499999999999,116.31499999999998,115.85499999999999
30-04-2021,109.6,108.3,111.4,107.5,9.32M,0.55%,-511.2499999999999,115.9075,115.47
29-04-2021,109.0,107.9,111.5,106.45,9.78M,1.77%,-513.7499999999999,115.55,114.955
28-04-2021,107.1,107.45,109.5,106.1,5.95M,0.89%,-516.1499999999999,115.12,113.90500000000002
27-04-2021,106.15,106.9,107.6,105.0,6.43M,0.24%,-517.5999999999999,114.67250000000001,112.44500000000001
26-04-2021,105.9,104.1,107.15,103.6,9.82M,3.32%,-518.8499999999999,114.0625,111.12
23-04-2021,102.5,99.9,103.95,99.15,6.37M,2.86%,-522.2499999999999,113.3425,109.69000000000001
22-04-2021,99.65,101.4,102.7,99.0,8.75M,-1.14%,-525.2999999999998,112.47,108.00500000000002
20-04-2021,100.8,102.0,104.7,99.1,11.00M,0.55%,-523.5999999999998,111.64000000000001,106.14500000000001
19-04-2021,100.25,95.2,101.6,94.15,9.07M,0.40%,-524.9499999999998,110.7625,105.15
16-04-2021,99.85,96.2,103.7,94.7,19.20M,4.17%,-528.7999999999998,109.9675,104.08
15-04-2021,95.85,95.8,96.9,91.8,5.33M,-0.73%,-532.7999999999998,109.0875,102.705
13-04-2021,96.55,93.1,98.2,92.5,9.86M,3.93%,-528.7499999999999,108.20750000000001,101.46000000000001
12-04-2021,92.9,97.85,98.8,86.7,23.17M,-7.52%,-534.6499999999999,106.97250000000001,100.04
09-04-2021,100.45,89.0,102.4,88.0,47.77M,13.31%,-522.1999999999998,105.95750000000001,99.47
08-04-2021,88.65,90.0,90.25,87.5,5.10M,-0.84%,-533.9999999999998,104.4325,97.74499999999999
07-04-2021,89.4,86.2,90.0,85.55,7.08M,4.38%,-530.1499999999997,103.0625,96.435
06-04-2021,85.65,87.2,88.45,85.25,4.79M,-1.04%,-533.8999999999997,101.52000000000001,95.035
05-04-2021,86.55,90.0,90.4,85.0,5.03M,-4.58%,-532.3499999999998,99.8775,93.61
01-04-2021,90.7,88.6,92.8,87.85,12.84M,3.24%,-528.1999999999998,98.9025,92.655
31-03-2021,87.85,87.9,90.2,87.0,4.57M,0.63%,-531.0499999999998,97.7675,91.45500000000001
30-03-2021,87.3,89.0,90.4,86.6,6.60M,-0.23%,-534.1499999999999,96.6525,90.6
26-03-2021,87.5,84.2,88.15,83.7,10.93M,4.60%,-530.3499999999999,95.57750000000001,89.69500000000001
25-03-2021,83.65,84.5,84.65,81.1,2.75M,0.42%,-534.1999999999999,94.405,88.77
24-03-2021,83.3,85.1,86.45,81.8,2.41M,-3.48%,-537.3499999999999,93.2625,87.055
23-03-2021,86.3,86.75,87.7,85.1,3.27M,0.06%,-534.3499999999999,92.2825,86.82000000000001
22-03-2021,86.25,85.5,87.4,85.05,5.50M,1.71%,-535.4999999999999,91.47,86.505
19-03-2021,84.8,82.5,85.65,80.2,3.88M,0.77%,-536.9499999999999,90.72749999999999,86.41999999999999
18-03-2021,84.15,85.0,86.45,83.0,4.90M,0.60%,-539.2499999999999,89.895,86.18
17-03-2021,83.65,85.25,86.7,81.5,4.03M,-2.56%,-542.2999999999998,89.065,85.475
16-03-2021,85.85,85.95,88.85,84.15,8.84M,-0.06%,-540.0999999999999,88.365,85.275
15-03-2021,85.9,85.5,86.65,82.45,5.37M,0.35%,-536.6499999999999,87.8675,85.135
12-03-2021,85.6,86.2,87.8,84.6,6.17M,-1.44%,-538.8499999999999,87.32,84.94500000000001
10-03-2021,86.85,84.75,89.0,84.5,11.47M,3.76%,-536.4999999999999,87.01750000000001,85.265
09-03-2021,83.7,88.0,89.4,82.4,11.72M,-3.96%,-542.1999999999999,86.17999999999999,85.30499999999999
08-03-2021,87.15,81.85,91.0,81.5,30.61M,7.33%,-536.55,86.10499999999999,85.39
05-03-2021,81.2,85.0,86.5,80.45,6.76M,-3.79%,-542.5,85.69500000000001,84.885
04-03-2021,84.4,82.0,87.7,81.8,11.19M,0.30%,-539.3,85.63250000000001,84.845
03-03-2021,84.15,89.9,92.4,82.25,25.17M,-2.38%,-547.55,85.5125,84.845
02-03-2021,86.2,76.0,88.5,76.0,37.92M,16.02%,-537.3499999999999,85.2875,85.1
01-03-2021,74.3,72.5,75.4,71.9,2.95M,3.34%,-549.2499999999999,84.61,83.945
26-02-2021,71.9,72.8,73.85,71.15,2.20M,-1.78%,-551.6499999999999,83.84,82.545
25-02-2021,73.2,73.4,74.75,72.75,2.64M,0.48%,-550.3499999999999,83.12500000000001,81.30499999999999
24-02-2021,72.85,73.5,75.4,72.25,1.30M,-0.75%,-552.8999999999999,82.58500000000001,79.905
23-02-2021,73.4,72.35,75.25,71.25,3.91M,2.23%,-550.7499999999999,82.09,78.875
22-02-2021,71.8,73.95,74.0,71.05,1.38M,-2.91%,-552.9499999999999,81.365,77.34
19-02-2021,73.95,74.85,75.75,72.0,3.86M,-1.92%,-550.8,80.75000000000001,76.615
18-02-2021,75.4,74.9,77.0,72.1,5.75M,1.00%,-547.5,80.28,75.715
17-02-2021,74.65,75.0,75.6,74.05,1.81M,-0.47%,-548.45,79.805,74.76500000000001
16-02-2021,75.0,76.4,76.75,74.05,2.76M,-1.12%,-547.5,79.3725,73.64500000000001
15-02-2021,75.85,75.45,77.8,74.5,3.06M,1.61%,-546.15,78.8725,73.8
12-02-2021,74.65,77.1,77.5,74.0,2.68M,-3.80%,-549.0,78.31,74.075
11-02-2021,77.6,73.05,77.9,72.8,8.93M,6.81%,-544.2,77.91,74.51500000000001
10-02-2021,72.65,70.8,74.0,70.45,3.11M,2.98%,-549.1500000000001,77.2,74.495
09-02-2021,70.55,71.5,73.4,70.0,2.82M,-1.54%,-552.0000000000001,76.5425,74.21000000000001
08-02-2021,71.65,70.85,72.75,70.55,2.30M,1.20%,-550.9000000000001,75.76750000000001,74.195
05-02-2021,70.8,72.65,72.65,70.0,2.93M,-2.01%,-552.7500000000001,75.2475,73.88000000000001
04-02-2021,72.25,71.65,73.65,71.65,2.27M,0.77%,-551.3000000000001,74.64,73.56500000000001
03-02-2021,71.7,72.3,72.6,71.3,1.72M,-0.35%,-552.2,74.01750000000001,73.27
02-02-2021,71.95,71.45,72.95,69.8,2.02M,1.34%,-550.0500000000001,73.30499999999999,72.965
01-02-2021,71.0,71.5,71.9,69.25,2.34M,-1.73%,-551.0000000000001,73.14000000000001,72.47999999999999
29-01-2021,72.25,74.65,76.2,71.0,4.65M,-2.43%,-549.7500000000001,73.1575,72.24
28-01-2021,74.05,73.3,75.5,72.8,1.65M,-0.20%,-547.9500000000002,73.2,71.88499999999999
27-01-2021,74.2,72.5,74.95,71.6,2.00M,2.06%,-545.3500000000001,73.2675,72.03999999999999
25-01-2021,72.7,74.75,75.15,71.3,2.80M,-1.82%,-547.8000000000002,73.23249999999999,72.25500000000001
22-01-2021,74.05,74.45,76.8,73.5,3.08M,-0.40%,-546.4500000000002,73.345,72.495
21-01-2021,74.35,77.5,78.3,73.45,2.91M,-3.88%,-545.5500000000002,73.365,72.85
20-01-2021,77.35,74.55,79.1,73.65,12.79M,3.62%,-541.8500000000001,73.4625,73.35999999999999
19-01-2021,74.65,72.75,74.95,72.6,3.31M,3.25%,-544.5500000000002,73.4625,73.655
18-01-2021,72.3,75.75,75.8,71.4,3.49M,-3.66%,-548.0500000000002,73.3275,73.69
15-01-2021,75.05,71.55,75.75,71.0,8.96M,4.38%,-544.0000000000002,73.2875,74.095
14-01-2021,71.9,73.05,73.8,71.25,2.35M,-1.78%,-547.1500000000002,73.15,74.06
13-01-2021,73.2,75.7,76.0,70.2,9.36M,-2.20%,-544.1500000000002,72.93,73.975
12-01-2021,74.85,66.9,76.0,66.45,20.95M,11.88%,-535.7500000000002,73.03999999999999,74.03999999999999
11-01-2021,66.9,67.6,67.75,66.0,1.84M,-0.22%,-543.7000000000003,72.8575,73.46
08-01-2021,67.05,68.2,68.2,66.85,1.68M,-0.74%,-543.5000000000002,72.6275,72.76
07-01-2021,67.55,68.3,68.3,67.3,850.99K,0.37%,-543.0000000000002,72.465,72.08
06-01-2021,67.3,68.0,68.5,66.8,2.83M,-0.22%,-544.2000000000003,72.2175,71.075
05-01-2021,67.45,67.8,68.05,67.0,912.00K,-0.66%,-543.7500000000002,72.005,70.35499999999999
04-01-2021,67.9,67.25,68.8,67.15,1.59M,1.65%,-543.0000000000002,71.80250000000001,69.91499999999999
01-01-2021,66.8,67.8,68.5,66.0,1.64M,-1.47%,-544.7000000000003,71.5925,69.09
31-12-2020,67.8,69.0,69.45,67.6,974.10K,-1.31%,-543.7000000000003,71.36999999999999,68.67999999999999
30-12-2020,68.7,68.95,69.1,67.8,982.51K,0.44%,-542.8000000000003,71.10249999999999,68.23
29-12-2020,68.4,69.55,69.95,68.05,958.78K,-0.94%,-544.3500000000003,70.8125,67.58500000000001
28-12-2020,69.05,69.0,70.3,67.2,2.03M,1.10%,-542.5000000000002,70.63000000000001,67.8
24-12-2020,68.3,69.5,70.15,68.0,1.21M,-0.94%,-544.3500000000003,70.3425,67.925
23-12-2020,68.95,68.8,70.7,67.65,7.52M,1.10%,-543.0500000000003,70.0725,68.065
22-12-2020,68.2,65.5,68.8,64.0,2.32M,2.79%,-543.8000000000003,69.61500000000001,68.155
21-12-2020,66.35,69.95,70.9,65.0,3.81M,-3.56%,-548.3500000000004,69.2,68.045
18-12-2020,68.8,68.9,70.5,66.55,2.27M,0.58%,-545.9000000000003,69.025,68.135
17-12-2020,68.4,69.5,72.4,67.7,4.27M,-1.01%,-549.9000000000003,68.69250000000001,68.29499999999999
16-12-2020,69.1,66.85,71.3,66.0,4.17M,4.07%,-546.8000000000003,68.5525,68.425
15-12-2020,66.4,68.2,68.2,66.1,1.19M,-2.21%,-549.5000000000002,68.2125,68.195
14-12-2020,67.9,68.35,68.75,67.0,976.11K,-0.07%,-548.0000000000002,67.865,68.14500000000001
11-12-2020,67.95,65.8,69.2,64.65,5.91M,3.90%,-544.7000000000003,67.91749999999999,68.035
10-12-2020,65.4,64.9,66.0,64.0,1.14M,0.54%,-547.2500000000002,67.83500000000001,67.745
09-12-2020,65.05,66.2,67.45,64.75,1.84M,-0.99%,-549.6500000000002,67.71000000000001,67.355
08-12-2020,65.7,68.2,68.7,65.1,2.16M,-3.10%,-549.0000000000002,67.63000000000001,67.10499999999999
07-12-2020,67.8,68.25,69.35,67.5,1.72M,-1.67%,-546.9000000000002,67.64750000000001,67.25
04-12-2020,68.95,71.25,73.4,67.2,6.58M,-2.54%,-545.1500000000002,67.7,67.26500000000001
03-12-2020,70.75,63.5,71.9,63.0,15.85M,12.93%,-537.4000000000002,67.89750000000001,67.5
02-12-2020,62.65,63.5,64.0,61.8,1.99M,-0.71%,-545.5000000000002,67.64,66.855
01-12-2020,63.1,62.25,64.55,62.25,2.19M,1.94%,-544.6500000000002,67.36,66.525
27-11-2020,61.9,61.6,62.4,61.35,1.65M,1.89%,-545.8500000000003,67.035,65.925
26-11-2020,60.75,60.75,62.1,60.4,700.97K,0.16%,-547.2000000000003,66.61999999999999,65.20500000000001
25-11-2020,60.65,61.55,62.65,60.45,947.09K,-1.30%,-549.2000000000003,66.2375,64.73
24-11-2020,61.45,63.0,63.0,61.15,1.12M,-1.21%,-548.4000000000003,65.8625,64.37
23-11-2020,62.2,63.0,63.85,61.9,974.60K,-1.58%,-547.6500000000003,65.56250000000001,64.02
20-11-2020,63.2,60.2,63.6,60.2,2.13M,5.16%,-544.6500000000003,65.405,63.56
19-11-2020,60.1,61.1,61.95,59.8,998.16K,-1.48%,-547.7500000000003,64.97,62.67500000000001
18-11-2020,61.0,61.9,62.1,60.0,1.68M,-1.13%,-546.7500000000003,64.6,61.7
17-11-2020,61.7,63.65,64.3,61.55,1.08M,-2.99%,-546.0500000000003,64.23,61.605
13-11-2020,63.6,61.45,63.9,60.85,2.21M,4.01%,-543.3000000000003,64.09,61.65500000000001
12-11-2020,61.15,60.35,61.95,59.5,2.60M,2.09%,-545.7500000000003,63.75250000000001,61.58
11-11-2020,59.9,59.75,60.65,59.15,766.91K,0.42%,-547.0000000000003,63.35,61.49499999999999
10-11-2020,59.65,59.4,60.45,58.9,904.03K,1.10%,-547.8000000000003,63.0625,61.395
09-11-2020,59.0,60.5,60.65,58.65,1.20M,-1.99%,-549.4500000000003,62.760000000000005,61.15
06-11-2020,60.2,59.5,61.7,59.35,7.80M,1.95%,-548.2500000000002,62.485,60.95
05-11-2020,59.05,59.3,60.6,58.65,939.06K,1.20%,-549.8000000000002,62.0475,60.535000000000004
04-11-2020,58.35,59.45,59.5,58.0,7.03M,-0.51%,-550.9500000000002,61.5175,60.35999999999999
03-11-2020,58.65,60.3,60.8,58.25,1.31M,-0.26%,-550.5500000000002,60.9125,60.125
02-11-2020,58.8,60.8,61.35,58.5,2.03M,-2.00%,-550.2500000000002,60.720000000000006,59.835
30-10-2020,60.0,60.2,61.65,59.95,972.68K,-0.50%,-549.0500000000002,60.565,59.475
29-10-2020,60.3,59.75,60.85,59.7,627.16K,0.17%,-548.4500000000002,60.485,59.39
28-10-2020,60.2,61.25,61.9,59.95,805.75K,-1.47%,-550.1500000000002,60.4575,59.42
27-10-2020,61.1,61.1,61.85,59.95,1.03M,-0.81%,-549.0000000000002,60.48,59.565
26-10-2020,61.6,64.3,64.3,61.45,767.01K,-3.37%,-548.5000000000002,60.4875,59.825
23-10-2020,63.75,65.95,66.75,63.55,1.24M,-3.26%,-546.3500000000003,60.565,60.18000000000001
22-10-2020,65.9,63.4,66.6,62.95,1.64M,3.53%,-543.4000000000002,60.7,60.864999999999995
21-10-2020,63.65,63.0,65.0,62.3,1.66M,1.27%,-545.6500000000002,60.8775,61.395
20-10-2020,62.85,63.05,63.4,61.9,1.01M,0.24%,-546.4500000000002,60.96999999999999,61.815
19-10-2020,62.7,63.8,64.4,61.6,1.20M,-1.72%,-548.1500000000002,61.019999999999996,62.205
16-10-2020,63.8,62.35,64.4,61.35,1.66M,3.24%,-545.7000000000002,61.029999999999994,62.585
15-10-2020,61.8,60.6,65.95,60.05,7.86M,2.66%,-549.8500000000001,61.0625,62.735
14-10-2020,60.2,58.05,60.95,56.7,8.28M,2.64%,-551.4500000000002,61.0775,62.735
13-10-2020,58.65,57.95,59.15,57.2,950.24K,1.82%,-553.0000000000001,61.027499999999996,62.489999999999995
12-10-2020,57.6,56.5,58.3,56.35,1.45M,1.86%,-554.0500000000001,60.957499999999996,62.089999999999996
09-10-2020,56.55,56.95,56.95,55.95,1.43M,-0.53%,-555.1,60.775,61.36999999999999
08-10-2020,56.85,56.4,57.0,56.0,762.12K,1.43%,-554.25,60.665,60.464999999999996
07-10-2020,56.05,56.2,56.45,55.8,1.91M,0.09%,-555.05,60.55,59.705
06-10-2020,56.0,55.9,56.4,55.25,784.25K,1.36%,-555.4499999999999,60.4175,59.019999999999996
05-10-2020,55.25,56.3,57.4,54.6,2.11M,-1.25%,-557.5999999999999,60.239999999999995,58.275
01-10-2020,55.95,57.0,57.3,55.05,1.76M,-0.80%,-556.6999999999999,60.0375,57.489999999999995
30-09-2020,56.4,59.4,59.65,56.0,1.54M,-4.65%,-556.2499999999999,59.84250000000001,56.95
29-09-2020,59.15,58.2,59.8,57.15,2.32M,2.34%,-553.4999999999999,59.79,56.84499999999999
28-09-2020,57.8,59.0,59.85,57.0,2.15M,-0.26%,-555.5499999999998,59.625,56.760000000000005
25-09-2020,57.95,56.6,58.85,55.2,1.07M,3.48%,-552.7999999999998,59.442499999999995,56.794999999999995
24-09-2020,56.0,56.6,56.75,55.5,1.64M,-2.18%,-554.7499999999999,59.05499999999999,56.739999999999995
23-09-2020,57.25,57.3,58.1,56.95,1.01M,0.35%,-553.4999999999999,58.6225,56.779999999999994
22-09-2020,57.05,56.5,57.75,56.1,2.08M,-0.78%,-554.1999999999999,58.2925,56.879999999999995
21-09-2020,57.5,60.8,60.8,56.2,2.39M,-5.58%,-552.9,58.025,57.029999999999994
18-09-2020,60.9,59.5,61.5,58.95,2.88M,3.22%,-549.5,57.935,57.59499999999999
17-09-2020,59.0,58.45,60.35,57.6,943.93K,0.77%,-551.4,57.69500000000001,57.9
16-09-2020,58.55,60.7,60.8,58.4,1.30M,-1.51%,-553.65,57.53249999999999,58.114999999999995
15-09-2020,59.45,57.0,60.4,57.0,1.60M,4.48%,-551.1999999999999,57.495000000000005,58.144999999999996
14-09-2020,56.9,59.5,59.7,55.5,2.41M,-3.15%,-553.9999999999999,57.407500000000006,58.05500000000001
11-09-2020,58.75,61.05,61.05,58.2,4.10M,-3.13%,-552.1499999999999,57.46500000000001,58.135000000000005
10-09-2020,60.65,58.5,61.0,58.5,2.18M,3.94%,-549.9999999999999,57.669999999999995,58.6
09-09-2020,58.35,58.0,58.7,57.25,1.68M,-1.10%,-552.2999999999998,57.745000000000005,58.71
08-09-2020,59.0,61.95,62.0,58.4,2.51M,-3.83%,-551.6499999999999,57.892500000000005,58.90500000000001
07-09-2020,61.35,59.4,62.0,58.0,4.99M,4.07%,-548.2999999999998,58.160000000000004,59.29
04-09-2020,58.95,58.2,59.65,57.25,8.94M,-2.24%,-550.6999999999998,58.345000000000006,59.095000000000006
03-09-2020,60.3,59.35,61.4,59.1,4.95M,2.64%,-549.3499999999998,58.5625,59.225
02-09-2020,58.75,56.35,59.0,56.0,9.54M,6.24%,-550.8999999999997,58.67999999999999,59.24499999999999
01-09-2020,55.3,55.45,56.4,54.0,6.49M,1.00%,-554.3499999999998,58.4875,58.830000000000005
31-08-2020,54.75,56.3,57.6,54.0,3.73M,-1.97%,-557.1999999999998,58.335,58.614999999999995
28-08-2020,55.85,56.0,56.8,55.2,2.19M,0.18%,-556.0999999999998,58.230000000000004,58.325
27-08-2020,55.75,56.5,57.15,55.0,2.04M,-1.93%,-557.4999999999998,58.21750000000001,57.835
26-08-2020,56.85,58.15,58.6,56.65,1.45M,-1.39%,-556.3999999999997,58.197500000000005,57.68499999999999
25-08-2020,57.65,57.5,58.2,56.6,1.93M,1.32%,-555.3499999999998,58.227500000000006,57.55
24-08-2020,56.9,58.3,58.75,56.65,1.40M,-1.56%,-557.1999999999998,58.197500000000005,57.105000000000004
21-08-2020,57.8,57.6,58.8,56.6,4.79M,1.23%,-555.9999999999998,58.0425,56.989999999999995
20-08-2020,57.1,56.9,59.9,56.25,6.64M,0.09%,-558.7999999999997,57.947500000000005,56.669999999999995
19-08-2020,57.05,56.2,57.6,55.7,1.37M,2.15%,-559.3499999999997,57.8725,56.5
18-08-2020,55.85,57.8,58.1,55.0,2.19M,-2.70%,-561.5999999999997,57.692499999999995,56.55500000000001
17-08-2020,57.4,56.7,58.4,56.25,3.36M,2.41%,-560.0499999999997,57.717499999999994,56.82000000000001
14-08-2020,56.05,54.4,59.2,54.0,8.47M,3.99%,-563.1999999999997,57.582499999999996,56.839999999999996
13-08-2020,53.9,51.1,54.7,51.0,6.05M,5.89%,-565.3499999999997,57.245000000000005,56.654999999999994
12-08-2020,50.9,50.3,51.4,49.65,1.35M,0.89%,-568.3499999999997,56.87249999999999,56.06
11-08-2020,50.45,51.0,52.0,50.2,1.91M,-0.79%,-569.8999999999996,56.44499999999999,55.339999999999996
10-08-2020,50.85,48.7,51.4,48.5,3.57M,5.72%,-567.5499999999996,55.92,54.735
07-08-2020,48.1,45.6,50.65,44.75,17.35M,5.48%,-570.2999999999996,55.3775,53.765
06-08-2020,45.6,46.2,46.2,45.55,686.36K,-0.65%,-572.7999999999996,54.6425,52.614999999999995
05-08-2020,45.9,46.6,46.6,45.85,1.42M,-0.33%,-572.4999999999997,54.0,51.5
04-08-2020,46.05,45.6,46.4,45.6,588.92K,0.99%,-572.0499999999996,53.5375,50.519999999999996
03-08-2020,45.6,46.1,47.9,45.45,1.74M,-0.65%,-574.3499999999996,53.08,49.339999999999996
31-07-2020,45.9,46.4,47.5,45.5,1.87M,-0.33%,-573.9499999999996,52.5825,48.325
30-07-2020,46.05,47.35,47.35,45.8,432.99K,-1.92%,-573.6999999999996,52.097500000000004,47.54
29-07-2020,46.95,45.45,47.4,45.0,855.88K,4.10%,-571.7499999999995,51.6025,47.144999999999996
28-07-2020,45.1,45.3,45.45,44.8,396.23K,0.11%,-573.5999999999996,50.975,46.61
27-07-2020,45.05,45.55,45.8,44.9,339.77K,-0.99%,-574.3499999999996,50.3825,46.03
24-07-2020,45.5,46.05,46.75,45.35,324.73K,-2.47%,-573.8999999999995,49.7675,45.769999999999996
23-07-2020,46.65,46.0,47.3,46.0,429.79K,1.63%,-572.7499999999995,49.245000000000005,45.875
22-07-2020,45.9,46.4,46.55,44.8,976.69K,-1.50%,-573.4999999999995,48.6875,45.875
21-07-2020,46.6,47.35,47.6,46.5,563.74K,-1.17%,-572.7999999999995,48.225,45.93
20-07-2020,47.15,46.45,47.7,46.2,1.68M,3.40%,-571.8499999999995,47.7125,46.085
17-07-2020,45.6,44.0,46.0,43.9,1.04M,4.59%,-573.3999999999994,47.190000000000005,46.055
16-07-2020,43.6,44.1,44.3,43.0,782.12K,-0.80%,-575.3999999999994,46.675,45.81
15-07-2020,43.95,44.5,46.25,43.35,1.04M,-1.24%,-574.7999999999994,46.3275,45.510000000000005
14-07-2020,44.5,45.5,45.5,44.05,819.29K,-2.73%,-574.2499999999994,46.03,45.45
13-07-2020,45.75,46.5,46.65,45.0,889.95K,-0.76%,-572.9999999999994,45.775,45.519999999999996
10-07-2020,46.1,47.0,47.55,45.7,804.96K,-2.43%,-572.5999999999995,45.675,45.58
09-07-2020,47.25,47.85,47.9,47.1,760.96K,0.43%,-571.4499999999995,45.7575,45.64
08-07-2020,47.05,48.3,49.1,46.7,1.01M,-2.59%,-573.4999999999994,45.815,45.754999999999995
07-07-2020,48.3,48.9,49.75,48.0,973.04K,-1.23%,-572.2499999999994,45.9275,45.925
06-07-2020,48.9,49.1,49.8,48.45,918.74K,-0.10%,-571.6499999999994,46.0925,46.1
03-07-2020,48.95,50.65,50.75,48.7,1.05M,-2.78%,-571.3999999999994,46.245,46.435
02-07-2020,50.35,49.4,50.95,48.9,2.60M,3.07%,-569.9499999999994,46.459999999999994,47.11
01-07-2020,48.85,47.4,49.85,47.35,6.20M,3.61%,-571.4499999999994,46.555,47.6
30-06-2020,47.15,47.6,48.55,46.95,1.82M,-1.46%,-573.1499999999994,46.6575,47.864999999999995
29-06-2020,47.85,48.0,48.95,46.55,1.25M,-1.85%,-571.8499999999995,46.7975,48.075
26-06-2020,48.75,49.95,50.3,48.5,1.34M,-1.52%,-570.9499999999995,46.96,48.339999999999996
25-06-2020,49.5,48.9,50.55,48.1,2.13M,0.61%,-569.5499999999995,47.1025,48.565
24-06-2020,49.2,51.7,52.5,49.0,2.90M,-4.19%,-572.8499999999995,47.2675,48.78
23-06-2020,51.35,50.6,51.95,49.65,5.33M,1.88%,-570.6999999999995,47.504999999999995,49.085
22-06-2020,50.4,48.25,51.3,47.95,7.23M,5.22%,-571.6499999999995,47.667500000000004,49.235
19-06-2020,47.9,48.15,48.6,47.8,2.39M,0.31%,-574.1499999999995,47.7825,49.13
18-06-2020,47.75,47.75,48.6,47.5,1.59M,0.21%,-574.9999999999995,47.99,48.870000000000005
17-06-2020,47.65,47.75,49.3,47.5,4.04M,-1.04%,-576.6499999999995,48.175,48.75
16-06-2020,48.15,46.75,48.6,46.5,4.25M,4.11%,-574.9999999999995,48.3575,48.85
15-06-2020,46.25,48.0,49.5,45.9,4.25M,-3.85%,-578.2499999999995,48.3825,48.69
12-06-2020,48.1,44.25,48.7,44.25,5.41M,2.12%,-574.3999999999995,48.4825,48.625
11-06-2020,47.1,47.15,48.7,46.65,2.12M,-0.32%,-575.9999999999995,48.475,48.385000000000005
10-06-2020,47.25,47.1,48.8,46.55,7.57M,0.85%,-575.2999999999995,48.485,48.190000000000005
09-06-2020,46.85,46.45,47.75,45.7,7.76M,2.29%,-576.1999999999995,48.4125,47.739999999999995
08-06-2020,45.8,46.0,47.5,45.0,5.59M,3.39%,-577.8999999999995,48.2575,47.28
05-06-2020,44.3,42.25,45.05,42.25,8.15M,5.35%,-579.3999999999995,48.025,46.92
04-06-2020,42.05,43.0,43.6,41.8,1.66M,-2.66%,-581.6499999999995,47.61,46.35
03-06-2020,43.2,46.0,46.65,42.8,3.98M,-4.00%,-580.4999999999995,47.3275,45.905
02-06-2020,45.0,41.35,45.4,41.25,6.11M,9.49%,-576.7499999999995,47.22,45.59
01-06-2020,41.1,40.55,41.6,40.55,1.37M,2.62%,-580.6499999999995,46.8825,45.075
29-05-2020,40.05,40.3,40.65,39.65,3.32M,-1.60%,-581.6999999999995,46.447500000000005,44.269999999999996
28-05-2020,40.7,41.15,41.9,40.5,1.17M,-0.49%,-581.0499999999995,46.0075,43.629999999999995
27-05-2020,40.9,39.25,41.3,38.9,6.88M,4.34%,-579.0499999999995,45.592499999999994,42.995
26-05-2020,39.2,39.85,39.95,39.1,816.55K,-0.13%,-580.7499999999995,44.985,42.230000000000004
22-05-2020,39.25,40.6,40.6,39.1,912.14K,-2.24%,-580.5999999999996,44.427499999999995,41.575
21-05-2020,40.15,41.9,41.9,40.0,2.42M,-1.35%,-579.6999999999996,44.04,41.16
20-05-2020,40.7,40.05,43.0,39.8,5.20M,3.96%,-578.7999999999996,43.6875,41.025
19-05-2020,39.15,40.0,40.15,38.5,735.67K,-1.01%,-580.3499999999996,43.2625,40.62
18-05-2020,39.55,40.45,40.5,38.7,702.88K,-0.13%,-579.4999999999995,42.832499999999996,40.075
15-05-2020,39.6,40.4,40.4,39.3,613.34K,-1.37%,-579.1999999999996,42.5,39.925
14-05-2020,40.15,41.0,42.35,40.05,1.10M,-0.86%,-578.6499999999996,42.1025,39.935
13-05-2020,40.5,41.3,41.5,39.7,741.57K,1.63%,-577.8499999999997,41.772499999999994,39.915000000000006
12-05-2020,39.85,39.6,40.0,38.8,562.63K,0.13%,-578.4999999999997,41.402499999999996,39.809999999999995
11-05-2020,39.8,40.9,41.3,39.7,378.30K,-2.33%,-579.9999999999997,41.05,39.87
08-05-2020,40.75,40.95,41.0,40.0,868.51K,0.74%,-579.0499999999996,40.7975,40.019999999999996
07-05-2020,40.45,38.0,41.0,38.0,538.66K,1.38%,-579.5999999999996,40.605000000000004,40.05
06-05-2020,39.9,40.3,41.0,39.55,693.21K,-0.99%,-580.6999999999996,40.497499999999995,39.97
05-05-2020,40.3,41.85,42.5,40.1,1.03M,-2.66%,-580.2999999999996,40.352500000000006,40.085
04-05-2020,41.4,41.7,42.9,41.1,1.08M,-7.17%,-579.1999999999996,40.1725,40.269999999999996
30-04-2020,44.6,41.5,45.6,41.5,4.35M,8.78%,-575.9999999999995,40.347500000000004,40.77
29-04-2020,41.0,40.0,41.7,39.25,1.42M,4.06%,-579.5999999999996,40.394999999999996,40.855
28-04-2020,39.4,40.1,40.1,38.5,1.54M,-0.13%,-581.1999999999996,40.33,40.745
27-04-2020,39.45,40.7,40.7,38.85,1.56M,-1.13%,-580.5999999999996,40.25750000000001,40.705
24-04-2020,39.9,39.8,40.75,39.4,1.14M,0.76%,-580.0999999999996,40.292500000000004,40.714999999999996
23-04-2020,39.6,40.8,40.8,38.95,4.21M,-1.12%,-581.2999999999996,40.31,40.6
22-04-2020,40.05,41.0,41.2,39.9,1.31M,-2.79%,-580.8499999999996,40.305,40.56
21-04-2020,41.2,42.0,42.4,40.7,740.10K,-4.96%,-579.6999999999996,40.33,40.69
20-04-2020,43.35,43.0,46.5,42.2,4.87M,1.29%,-577.5499999999996,40.54,40.995000000000005
17-04-2020,42.8,42.6,43.3,41.7,1.05M,3.13%,-578.0999999999996,40.7025,41.135000000000005
16-04-2020,41.5,41.2,42.0,40.85,1.33M,2.22%,-579.3999999999995,40.7975,40.825
15-04-2020,40.6,41.8,41.85,39.85,3.16M,-1.46%,-580.6499999999995,40.82000000000001,40.785
13-04-2020,41.2,42.0,42.35,39.85,1.91M,-1.90%,-579.2999999999995,40.855000000000004,40.964999999999996
09-04-2020,42.0,43.0,43.0,41.5,1.54M,-0.47%,-578.4999999999995,40.9625,41.22
08-04-2020,42.2,43.0,43.85,41.9,1.84M,-0.82%,-578.1999999999996,41.082499999999996,41.45
07-04-2020,42.55,44.35,44.35,41.85,1.25M,0.35%,-577.4999999999995,41.1725,41.745
03-04-2020,42.4,43.15,44.5,41.75,747.70K,-1.74%,-579.5999999999996,41.269999999999996,41.980000000000004
01-04-2020,43.15,42.6,43.95,42.4,444.41K,1.05%,-578.8499999999996,41.432500000000005,42.175
31-03-2020,42.7,46.0,46.15,42.0,1.08M,-2.73%,-582.2999999999996,41.552499999999995,42.11
30-03-2020,43.9,42.4,44.6,41.95,1.73M,-1.13%,-580.3499999999996,41.677499999999995,42.22
27-03-2020,44.4,47.0,47.2,41.1,1.57M,-3.48%,-577.0499999999996,41.667500000000004,42.510000000000005
26-03-2020,46.0,47.3,47.95,44.5,872.16K,-2.65%,-575.4499999999996,41.917500000000004,43.05
25-03-2020,47.25,44.1,49.0,44.1,434.70K,1.83%,-572.2999999999996,42.31,43.655
24-03-2020,46.4,45.0,47.3,41.7,1.21M,6.06%,-573.1999999999996,42.6575,44.095000000000006
23-03-2020,43.75,38.1,45.65,37.4,1.99M,-6.42%,-575.8499999999996,42.85,44.25
20-03-2020,46.75,43.25,50.7,42.5,1.33M,6.25%,-571.5999999999996,43.207499999999996,44.67
19-03-2020,44.0,40.45,46.4,37.85,3.38M,4.76%,-574.3499999999996,43.405,44.83
18-03-2020,42.0,44.0,46.7,34.75,2.10M,-1.18%,-579.0499999999996,43.445,44.714999999999996
17-03-2020,42.5,45.7,45.7,41.4,2.74M,-6.90%,-577.9499999999996,43.4025,44.69500000000001
16-03-2020,45.65,47.9,47.9,42.1,1.65M,-4.80%,-574.3999999999996,43.545,44.87
13-03-2020,47.95,46.0,49.75,42.5,1.11M,3.90%,-568.9499999999996,43.8675,45.225
12-03-2020,46.15,46.05,46.95,43.8,1.30M,-4.85%,-570.7499999999995,44.144999999999996,45.239999999999995
11-03-2020,48.5,47.1,49.9,45.85,1.11M,2.54%,-568.0999999999996,44.510000000000005,45.364999999999995
09-03-2020,47.3,51.1,52.0,46.4,1.21M,-10.50%,-572.7999999999996,44.775,45.455
06-03-2020,52.85,52.55,53.25,51.8,540.30K,-3.65%,-567.2499999999997,45.3075,46.364999999999995
05-03-2020,54.85,54.15,55.2,53.15,625.08K,1.86%,-565.2499999999997,45.9225,47.175
04-03-2020,53.85,57.35,57.6,53.5,867.34K,-6.10%,-568.9999999999997,46.495000000000005,48.16
03-03-2020,57.35,54.5,58.05,54.5,763.29K,4.37%,-565.4999999999997,47.205,49.69500000000001
02-03-2020,54.95,58.8,59.5,53.65,664.25K,-4.10%,-570.0499999999996,47.8175,50.940000000000005
28-02-2020,57.3,58.1,59.2,55.9,1.51M,-4.58%,-567.6999999999996,48.4875,52.105
27-02-2020,60.05,60.95,60.95,58.5,434.38K,-0.91%,-564.9499999999996,49.269999999999996,53.315
26-02-2020,60.6,61.0,61.95,60.2,1.18M,-1.38%,-564.3999999999996,50.0,54.760000000000005
25-02-2020,61.45,63.1,63.5,61.0,586.24K,-2.31%,-563.5499999999996,50.709999999999994,56.05500000000001
24-02-2020,62.9,63.0,63.4,62.2,393.74K,-0.40%,-562.0999999999996,51.535000000000004,57.614999999999995
20-02-2020,63.15,64.6,65.45,62.8,754.56K,-2.24%,-561.7499999999995,52.504999999999995,58.645
19-02-2020,64.6,66.5,67.35,64.2,712.09K,-1.67%,-560.2999999999995,53.3975,59.620000000000005
18-02-2020,65.7,65.25,68.4,64.8,5.56M,4.04%,-559.1999999999995,54.482499999999995,60.80499999999999
17-02-2020,63.15,62.8,63.9,62.55,249.80K,0.48%,-561.7499999999994,55.54,61.385000000000005
14-02-2020,62.85,63.6,64.5,62.55,207.53K,-1.18%,-563.3999999999994,56.55749999999999,62.175
13-02-2020,63.6,64.0,64.1,62.8,256.84K,-0.78%,-562.5999999999995,57.455000000000005,62.80499999999999
12-02-2020,64.1,63.9,64.5,62.8,869.72K,0.23%,-561.2999999999995,58.2625,63.21
11-02-2020,63.95,65.45,65.8,63.7,591.84K,-1.62%,-563.1499999999995,59.152499999999996,63.545
10-02-2020,65.0,65.4,65.8,64.15,1.32M,-0.54%,-562.0999999999996,59.9775,63.9
07-02-2020,65.35,63.2,66.25,62.1,975.33K,3.90%,-558.8499999999996,60.879999999999995,64.145
06-02-2020,62.9,62.25,63.8,61.75,559.86K,1.62%,-561.2999999999996,61.38250000000001,64.12
05-02-2020,61.9,63.95,65.0,61.5,912.84K,-2.06%,-564.3999999999996,61.735,63.85
04-02-2020,63.2,62.35,66.8,61.55,2.10M,2.10%,-562.7499999999997,62.2025,63.6
03-02-2020,61.9,62.0,62.9,59.55,319.70K,-0.24%,-564.0499999999996,62.42999999999999,63.475
01-02-2020,62.05,63.3,64.35,61.35,382.03K,-1.59%,-563.3499999999996,62.785000000000004,63.395
31-01-2020,63.05,64.8,64.8,62.8,342.26K,-2.17%,-562.3499999999996,63.07249999999999,63.339999999999996
30-01-2020,64.45,66.2,66.35,64.2,296.66K,-2.50%,-560.9499999999996,63.2925,63.375
29-01-2020,66.1,67.15,67.9,65.7,731.55K,-1.27%,-559.2999999999996,63.56750000000001,63.589999999999996
28-01-2020,66.95,67.45,68.1,66.55,506.18K,-0.07%,-558.4499999999996,63.842499999999994,63.78499999999999
27-01-2020,67.0,66.7,67.6,66.4,437.08K,-0.74%,-557.8499999999996,64.04749999999999,63.95
24-01-2020,67.5,66.65,68.9,66.65,1.26M,0.97%,-556.9999999999995,64.265,64.41
23-01-2020,66.85,66.55,67.5,66.35,403.24K,0.75%,-557.6499999999995,64.3775,64.905
22-01-2020,66.35,67.4,67.4,66.25,234.21K,0.08%,-558.6999999999996,64.41,65.22
21-01-2020,66.3,66.4,67.2,66.05,340.24K,0.15%,-559.5999999999996,64.5675,65.66
20-01-2020,66.2,67.5,68.0,66.05,397.30K,-1.85%,-561.3999999999995,64.735,66.075
17-01-2020,67.45,67.35,68.25,67.0,869.26K,-0.22%,-560.1499999999995,64.9275,66.51500000000001
16-01-2020,67.6,68.0,68.15,67.25,430.17K,0.22%,-559.7999999999995,65.10249999999999,66.83
15-01-2020,67.45,67.1,68.1,67.1,434.85K,0.00%,-560.4499999999995,65.2775,66.965
14-01-2020,67.45,68.4,68.4,67.3,560.58K,-1.10%,-560.4499999999995,65.4,67.01500000000001
13-01-2020,68.2,68.75,69.6,67.8,512.21K,-0.29%,-559.6999999999995,65.5425,67.135
10-01-2020,68.4,69.9,71.45,68.0,894.52K,-1.44%,-559.2999999999995,65.8175,67.225
09-01-2020,69.4,72.1,72.25,69.2,764.00K,-2.53%,-558.2999999999995,66.1925,67.48
08-01-2020,71.2,68.5,72.5,68.35,935.71K,1.57%,-555.4499999999995,66.5925,67.965
07-01-2020,70.1,67.5,70.5,67.3,819.94K,4.55%,-556.5499999999995,67.0025,68.345
06-01-2020,67.05,70.15,70.15,66.55,719.96K,-4.49%,-559.6499999999995,67.2525,68.42999999999999
03-01-2020,70.2,69.9,71.45,69.65,1.02M,1.01%,-556.4999999999995,67.61,68.705
02-01-2020,69.5,69.15,71.4,69.05,1.60M,0.65%,-558.3999999999995,67.8625,68.89500000000001
01-01-2020,69.05,69.55,70.1,68.65,281.63K,-0.43%,-559.4499999999995,68.00999999999999,69.05499999999999
