index,Value
2020-01-01,
2020-01-02,
2020-01-03,
2020-01-04,
2020-01-05,
2020-01-06,
2020-01-07,
2020-01-08,
2020-01-09,
2020-01-10,
2020-01-11,
2020-01-12,
2020-01-13,
2020-01-14,
2020-01-15,
2020-01-16,
2020-01-17,
2020-01-18,
2020-01-19,
2020-01-20,
2020-01-21,
2020-01-22,
2020-01-23,
2020-01-24,
2020-01-25,
2020-01-26,
2020-01-27,
2020-01-28,
2020-01-29,
2020-01-30,
2020-01-31,48.13543
2020-02-01,49.67038620689655
2020-02-02,51.205342413793105
2020-02-03,52.74029862068966
2020-02-04,54.27525482758621
2020-02-05,55.810211034482755
2020-02-06,57.34516724137931
2020-02-07,58.88012344827586
2020-02-08,60.41507965517241
2020-02-09,61.950035862068965
2020-02-10,63.48499206896552
2020-02-11,65.01994827586206
2020-02-12,66.55490448275862
2020-02-13,68.08986068965517
2020-02-14,69.62481689655172
2020-02-15,71.15977310344827
2020-02-16,72.69472931034483
2020-02-17,74.22968551724138
2020-02-18,75.76464172413793
2020-02-19,77.29959793103448
2020-02-20,78.83455413793104
2020-02-21,80.36951034482757
2020-02-22,81.90446655172414
2020-02-23,83.43942275862068
2020-02-24,84.97437896551725
2020-02-25,86.50933517241378
2020-02-26,88.04429137931035
2020-02-27,89.57924758620689
2020-02-28,91.11420379310344
2020-02-29,92.64916
2020-03-01,93.21203967741936
2020-03-02,93.7749193548387
2020-03-03,94.33779903225806
2020-03-04,94.90067870967741
2020-03-05,95.46355838709677
2020-03-06,96.02643806451613
2020-03-07,96.58931774193547
2020-03-08,97.15219741935483
2020-03-09,97.7150770967742
2020-03-10,98.27795677419354
2020-03-11,98.8408364516129
2020-03-12,99.40371612903225
2020-03-13,99.96659580645161
2020-03-14,100.52947548387095
2020-03-15,101.09235516129031
2020-03-16,101.65523483870967
2020-03-17,102.21811451612902
2020-03-18,102.78099419354838
2020-03-19,103.34387387096774
2020-03-20,103.90675354838709
2020-03-21,104.46963322580645
2020-03-22,105.0325129032258
2020-03-23,105.59539258064515
2020-03-24,106.15827225806451
2020-03-25,106.72115193548386
2020-03-26,107.28403161290322
2020-03-27,107.84691129032257
2020-03-28,108.40979096774193
2020-03-29,108.97267064516129
2020-03-30,109.53555032258063
2020-03-31,110.09843
2020-04-01,111.78920233333332
2020-04-02,113.47997466666666
2020-04-03,115.17074699999999
2020-04-04,116.86151933333332
2020-04-05,118.55229166666666
2020-04-06,120.24306399999999
2020-04-07,121.93383633333332
2020-04-08,123.62460866666666
2020-04-09,125.31538099999999
2020-04-10,127.00615333333332
2020-04-11,128.69692566666666
2020-04-12,130.387698
2020-04-13,132.0784703333333
2020-04-14,133.76924266666666
2020-04-15,135.460015
2020-04-16,137.1507873333333
2020-04-17,138.84155966666665
2020-04-18,140.532332
2020-04-19,142.2231043333333
2020-04-20,143.91387666666665
2020-04-21,145.604649
2020-04-22,147.2954213333333
2020-04-23,148.98619366666665
2020-04-24,150.676966
2020-04-25,152.3677383333333
2020-04-26,154.05851066666665
2020-04-27,155.749283
2020-04-28,157.4400553333333
2020-04-29,159.13082766666665
2020-04-30,160.8216
2020-05-01,161.0451035483871
2020-05-02,161.2686070967742
2020-05-03,161.4921106451613
2020-05-04,161.7156141935484
2020-05-05,161.9391177419355
2020-05-06,162.16262129032256
2020-05-07,162.38612483870966
2020-05-08,162.60962838709676
2020-05-09,162.83313193548386
2020-05-10,163.05663548387096
2020-05-11,163.28013903225806
2020-05-12,163.50364258064516
2020-05-13,163.72714612903226
2020-05-14,163.95064967741936
2020-05-15,164.17415322580646
2020-05-16,164.39765677419354
2020-05-17,164.62116032258064
2020-05-18,164.84466387096774
2020-05-19,165.06816741935484
2020-05-20,165.29167096774194
2020-05-21,165.51517451612904
2020-05-22,165.73867806451614
2020-05-23,165.96218161290324
2020-05-24,166.18568516129034
2020-05-25,166.40918870967744
2020-05-26,166.63269225806454
2020-05-27,166.8561958064516
2020-05-28,167.0796993548387
2020-05-29,167.3032029032258
2020-05-30,167.5267064516129
2020-05-31,167.75021
2020-06-01,164.66343533333335
2020-06-02,161.57666066666667
2020-06-03,158.489886
2020-06-04,155.40311133333333
2020-06-05,152.31633666666667
2020-06-06,149.22956200000002
2020-06-07,146.14278733333333
2020-06-08,143.05601266666667
2020-06-09,139.96923800000002
2020-06-10,136.88246333333333
2020-06-11,133.79568866666668
2020-06-12,130.708914
2020-06-13,127.62213933333334
2020-06-14,124.53536466666667
2020-06-15,121.44859
2020-06-16,118.36181533333334
2020-06-17,115.27504066666665
2020-06-18,112.188266
2020-06-19,109.10149133333333
2020-06-20,106.01471666666666
2020-06-21,102.927942
2020-06-22,99.84116733333333
2020-06-23,96.75439266666666
2020-06-24,93.66761799999999
2020-06-25,90.58084333333332
2020-06-26,87.49406866666666
2020-06-27,84.407294
2020-06-28,81.32051933333332
2020-06-29,78.23374466666665
2020-06-30,75.14697
2020-07-01,76.19880225806452
2020-07-02,77.25063451612903
2020-07-03,78.30246677419355
2020-07-04,79.35429903225806
2020-07-05,80.40613129032258
2020-07-06,81.4579635483871
2020-07-07,82.5097958064516
2020-07-08,83.56162806451613
2020-07-09,84.61346032258064
2020-07-10,85.66529258064516
2020-07-11,86.71712483870968
2020-07-12,87.76895709677419
2020-07-13,88.82078935483871
2020-07-14,89.87262161290323
2020-07-15,90.92445387096774
2020-07-16,91.97628612903226
2020-07-17,93.02811838709677
2020-07-18,94.07995064516129
2020-07-19,95.1317829032258
2020-07-20,96.18361516129032
2020-07-21,97.23544741935484
2020-07-22,98.28727967741935
2020-07-23,99.33911193548387
2020-07-24,100.39094419354839
2020-07-25,101.4427764516129
2020-07-26,102.49460870967742
2020-07-27,103.54644096774194
2020-07-28,104.59827322580645
2020-07-29,105.65010548387097
2020-07-30,106.70193774193548
2020-07-31,107.75377
2020-08-01,107.98937193548387
2020-08-02,108.22497387096774
2020-08-03,108.46057580645162
2020-08-04,108.69617774193549
2020-08-05,108.93177967741936
2020-08-06,109.16738161290323
2020-08-07,109.4029835483871
2020-08-08,109.63858548387097
2020-08-09,109.87418741935484
2020-08-10,110.10978935483871
2020-08-11,110.34539129032258
2020-08-12,110.58099322580645
2020-08-13,110.81659516129032
2020-08-14,111.0521970967742
2020-08-15,111.28779903225806
2020-08-16,111.52340096774194
2020-08-17,111.7590029032258
2020-08-18,111.99460483870968
2020-08-19,112.23020677419355
2020-08-20,112.46580870967742
2020-08-21,112.70141064516129
2020-08-22,112.93701258064516
2020-08-23,113.17261451612903
2020-08-24,113.4082164516129
2020-08-25,113.64381838709677
2020-08-26,113.87942032258064
2020-08-27,114.11502225806451
2020-08-28,114.35062419354838
2020-08-29,114.58622612903226
2020-08-30,114.82182806451613
2020-08-31,115.05743
2020-09-01,113.964651
2020-09-02,112.871872
2020-09-03,111.779093
2020-09-04,110.686314
2020-09-05,109.593535
2020-09-06,108.500756
2020-09-07,107.407977
2020-09-08,106.315198
2020-09-09,105.222419
2020-09-10,104.12964
2020-09-11,103.036861
2020-09-12,101.944082
2020-09-13,100.851303
2020-09-14,99.758524
2020-09-15,98.665745
2020-09-16,97.57296600000001
2020-09-17,96.480187
2020-09-18,95.387408
2020-09-19,94.294629
2020-09-20,93.20185000000001
2020-09-21,92.109071
2020-09-22,91.016292
2020-09-23,89.923513
2020-09-24,88.830734
2020-09-25,87.737955
2020-09-26,86.645176
2020-09-27,85.552397
2020-09-28,84.459618
2020-09-29,83.366839
2020-09-30,82.27406
2020-10-01,82.70030451612904
2020-10-02,83.12654903225807
2020-10-03,83.5527935483871
2020-10-04,83.97903806451613
2020-10-05,84.40528258064516
2020-10-06,84.8315270967742
2020-10-07,85.25777161290323
2020-10-08,85.68401612903226
2020-10-09,86.11026064516129
2020-10-10,86.53650516129032
2020-10-11,86.96274967741935
2020-10-12,87.38899419354838
2020-10-13,87.81523870967742
2020-10-14,88.24148322580645
2020-10-15,88.6677277419355
2020-10-16,89.09397225806453
2020-10-17,89.52021677419356
2020-10-18,89.94646129032259
2020-10-19,90.37270580645162
2020-10-20,90.79895032258065
2020-10-21,91.22519483870968
2020-10-22,91.65143935483871
2020-10-23,92.07768387096775
2020-10-24,92.50392838709678
2020-10-25,92.93017290322581
2020-10-26,93.35641741935484
2020-10-27,93.78266193548387
2020-10-28,94.2089064516129
2020-10-29,94.63515096774194
2020-10-30,95.06139548387097
2020-10-31,95.48764
2020-11-01,94.621276
2020-11-02,93.754912
2020-11-03,92.888548
2020-11-04,92.022184
2020-11-05,91.15582
2020-11-06,90.289456
2020-11-07,89.423092
2020-11-08,88.55672799999999
2020-11-09,87.690364
2020-11-10,86.824
2020-11-11,85.957636
2020-11-12,85.091272
2020-11-13,84.224908
2020-11-14,83.358544
2020-11-15,82.49217999999999
2020-11-16,81.625816
2020-11-17,80.759452
2020-11-18,79.89308799999999
2020-11-19,79.026724
2020-11-20,78.16036
2020-11-21,77.29399599999999
2020-11-22,76.42763199999999
2020-11-23,75.561268
2020-11-24,74.694904
2020-11-25,73.82854
2020-11-26,72.962176
2020-11-27,72.095812
2020-11-28,71.22944799999999
2020-11-29,70.36308399999999
2020-11-30,69.49672
2020-12-01,69.50903548387096
2020-12-02,69.52135096774194
2020-12-03,69.5336664516129
2020-12-04,69.54598193548387
2020-12-05,69.55829741935483
2020-12-06,69.57061290322581
2020-12-07,69.58292838709677
2020-12-08,69.59524387096774
2020-12-09,69.60755935483871
2020-12-10,69.61987483870968
2020-12-11,69.63219032258064
2020-12-12,69.6445058064516
2020-12-13,69.65682129032258
2020-12-14,69.66913677419355
2020-12-15,69.68145225806451
2020-12-16,69.69376774193549
2020-12-17,69.70608322580645
2020-12-18,69.71839870967742
2020-12-19,69.7307141935484
2020-12-20,69.74302967741936
2020-12-21,69.75534516129032
2020-12-22,69.76766064516129
2020-12-23,69.77997612903226
2020-12-24,69.79229161290323
2020-12-25,69.80460709677419
2020-12-26,69.81692258064517
2020-12-27,69.82923806451613
2020-12-28,69.8415535483871
2020-12-29,69.85386903225806
2020-12-30,69.86618451612904
2020-12-31,69.8785
2021-01-01,70.32310516129033
2021-01-02,70.76771032258064
2021-01-03,71.21231548387097
2021-01-04,71.65692064516129
2021-01-05,72.10152580645162
2021-01-06,72.54613096774193
2021-01-07,72.99073612903226
2021-01-08,73.43534129032258
2021-01-09,73.87994645161291
2021-01-10,74.32455161290322
2021-01-11,74.76915677419355
2021-01-12,75.21376193548387
2021-01-13,75.6583670967742
2021-01-14,76.10297225806451
2021-01-15,76.54757741935484
2021-01-16,76.99218258064516
2021-01-17,77.43678774193549
2021-01-18,77.8813929032258
2021-01-19,78.32599806451613
2021-01-20,78.77060322580645
2021-01-21,79.21520838709678
2021-01-22,79.65981354838709
2021-01-23,80.10441870967742
2021-01-24,80.54902387096774
2021-01-25,80.99362903225807
2021-01-26,81.43823419354838
2021-01-27,81.88283935483871
2021-01-28,82.32744451612903
2021-01-29,82.77204967741935
2021-01-30,83.21665483870967
2021-01-31,83.66126
2021-02-01,82.52255035714286
2021-02-02,81.38384071428571
2021-02-03,80.24513107142857
2021-02-04,79.10642142857142
2021-02-05,77.96771178571429
2021-02-06,76.82900214285715
2021-02-07,75.6902925
2021-02-08,74.55158285714286
2021-02-09,73.41287321428571
2021-02-10,72.27416357142857
2021-02-11,71.13545392857142
2021-02-12,69.99674428571429
2021-02-13,68.85803464285715
2021-02-14,67.719325
2021-02-15,66.58061535714286
2021-02-16,65.44190571428571
2021-02-17,64.30319607142857
2021-02-18,63.16448642857143
2021-02-19,62.025776785714285
2021-02-20,60.88706714285714
2021-02-21,59.7483575
2021-02-22,58.60964785714286
2021-02-23,57.47093821428571
2021-02-24,56.33222857142857
2021-02-25,55.19351892857143
2021-02-26,54.054809285714285
2021-02-27,52.91609964285714
2021-02-28,51.77739
2021-03-01,51.42754967741935
2021-03-02,51.07770935483871
2021-03-03,50.72786903225806
2021-03-04,50.378028709677416
2021-03-05,50.02818838709677
2021-03-06,49.67834806451613
2021-03-07,49.32850774193548
2021-03-08,48.978667419354835
2021-03-09,48.628827096774195
2021-03-10,48.27898677419355
2021-03-11,47.9291464516129
2021-03-12,47.57930612903226
2021-03-13,47.229465806451614
2021-03-14,46.87962548387097
2021-03-15,46.52978516129032
2021-03-16,46.17994483870968
2021-03-17,45.83010451612903
2021-03-18,45.480264193548386
2021-03-19,45.130423870967746
2021-03-20,44.7805835483871
2021-03-21,44.43074322580645
2021-03-22,44.080902903225805
2021-03-23,43.731062580645165
2021-03-24,43.38122225806452
2021-03-25,43.03138193548387
2021-03-26,42.68154161290323
2021-03-27,42.331701290322584
2021-03-28,41.98186096774194
2021-03-29,41.63202064516129
2021-03-30,41.28218032258065
2021-03-31,40.93234
2021-04-01,42.20087266666667
2021-04-02,43.469405333333334
2021-04-03,44.737938
2021-04-04,46.00647066666667
2021-04-05,47.27500333333334
2021-04-06,48.543536
2021-04-07,49.81206866666667
2021-04-08,51.080601333333334
2021-04-09,52.34913400000001
2021-04-10,53.617666666666665
2021-04-11,54.88619933333334
2021-04-12,56.154732
2021-04-13,57.42326466666667
2021-04-14,58.691797333333334
2021-04-15,59.96033
2021-04-16,61.22886266666667
2021-04-17,62.49739533333333
2021-04-18,63.765928
2021-04-19,65.03446066666666
2021-04-20,66.30299333333333
2021-04-21,67.571526
2021-04-22,68.84005866666666
2021-04-23,70.10859133333334
2021-04-24,71.37712400000001
2021-04-25,72.64565666666667
2021-04-26,73.91418933333333
2021-04-27,75.182722
2021-04-28,76.45125466666667
2021-04-29,77.71978733333333
2021-04-30,78.98832
2021-05-01,78.8030129032258
2021-05-02,78.61770580645161
2021-05-03,78.43239870967741
2021-05-04,78.24709161290323
2021-05-05,78.06178451612904
2021-05-06,77.87647741935484
2021-05-07,77.69117032258065
2021-05-08,77.50586322580645
2021-05-09,77.32055612903225
2021-05-10,77.13524903225806
2021-05-11,76.94994193548386
2021-05-12,76.76463483870968
2021-05-13,76.57932774193549
2021-05-14,76.39402064516129
2021-05-15,76.2087135483871
2021-05-16,76.0234064516129
2021-05-17,75.8380993548387
2021-05-18,75.65279225806451
2021-05-19,75.46748516129031
2021-05-20,75.28217806451613
2021-05-21,75.09687096774194
2021-05-22,74.91156387096774
2021-05-23,74.72625677419354
2021-05-24,74.54094967741935
2021-05-25,74.35564258064515
2021-05-26,74.17033548387096
2021-05-27,73.98502838709678
2021-05-28,73.79972129032258
2021-05-29,73.61441419354838
2021-05-30,73.42910709677419
2021-05-31,73.2438
2021-06-01,72.74662199999999
2021-06-02,72.249444
2021-06-03,71.75226599999999
2021-06-04,71.255088
2021-06-05,70.75791
2021-06-06,70.26073199999999
2021-06-07,69.763554
2021-06-08,69.266376
2021-06-09,68.76919799999999
2021-06-10,68.27202
2021-06-11,67.77484199999999
2021-06-12,67.277664
2021-06-13,66.780486
2021-06-14,66.28330799999999
2021-06-15,65.78613
2021-06-16,65.288952
2021-06-17,64.791774
2021-06-18,64.294596
2021-06-19,63.79741799999999
2021-06-20,63.300239999999995
2021-06-21,62.803062
2021-06-22,62.305884
2021-06-23,61.808706
2021-06-24,61.311527999999996
2021-06-25,60.81435
2021-06-26,60.317172
2021-06-27,59.819994
2021-06-28,59.322816
2021-06-29,58.825638
2021-06-30,58.32846
2021-07-01,58.92616290322581
2021-07-02,59.52386580645161
2021-07-03,60.12156870967742
2021-07-04,60.71927161290323
2021-07-05,61.31697451612903
2021-07-06,61.91467741935484
2021-07-07,62.51238032258064
2021-07-08,63.11008322580645
2021-07-09,63.70778612903226
2021-07-10,64.30548903225807
2021-07-11,64.90319193548387
2021-07-12,65.50089483870967
2021-07-13,66.09859774193548
2021-07-14,66.69630064516129
2021-07-15,67.2940035483871
2021-07-16,67.8917064516129
2021-07-17,68.4894093548387
2021-07-18,69.08711225806451
2021-07-19,69.68481516129032
2021-07-20,70.28251806451613
2021-07-21,70.88022096774193
2021-07-22,71.47792387096774
2021-07-23,72.07562677419354
2021-07-24,72.67332967741935
2021-07-25,73.27103258064516
2021-07-26,73.86873548387096
2021-07-27,74.46643838709677
2021-07-28,75.06414129032257
2021-07-29,75.66184419354838
2021-07-30,76.25954709677418
2021-07-31,76.85725
2021-08-01,76.60887548387096
2021-08-02,76.36050096774193
2021-08-03,76.1121264516129
2021-08-04,75.86375193548386
2021-08-05,75.61537741935483
2021-08-06,75.3670029032258
2021-08-07,75.11862838709676
2021-08-08,74.87025387096774
2021-08-09,74.62187935483871
2021-08-10,74.37350483870968
2021-08-11,74.12513032258065
2021-08-12,73.87675580645161
2021-08-13,73.62838129032258
2021-08-14,73.38000677419355
2021-08-15,73.13163225806451
2021-08-16,72.88325774193548
2021-08-17,72.63488322580645
2021-08-18,72.38650870967741
2021-08-19,72.13813419354838
2021-08-20,71.88975967741935
2021-08-21,71.64138516129032
2021-08-22,71.39301064516128
2021-08-23,71.14463612903225
2021-08-24,70.89626161290323
2021-08-25,70.6478870967742
2021-08-26,70.39951258064517
2021-08-27,70.15113806451613
2021-08-28,69.9027635483871
2021-08-29,69.65438903225807
2021-08-30,69.40601451612903
2021-08-31,69.15764
2021-09-01,68.48303966666667
2021-09-02,67.80843933333334
2021-09-03,67.133839
2021-09-04,66.45923866666666
2021-09-05,65.78463833333333
2021-09-06,65.110038
2021-09-07,64.43543766666667
2021-09-08,63.760837333333335
2021-09-09,63.086237
2021-09-10,62.411636666666666
2021-09-11,61.737036333333336
2021-09-12,61.062436
2021-09-13,60.38783566666667
2021-09-14,59.71323533333333
2021-09-15,59.038635
2021-09-16,58.36403466666667
2021-09-17,57.68943433333333
2021-09-18,57.014834
2021-09-19,56.34023366666666
2021-09-20,55.66563333333333
2021-09-21,54.991033
2021-09-22,54.316432666666664
2021-09-23,53.64183233333333
2021-09-24,52.967231999999996
2021-09-25,52.292631666666665
2021-09-26,51.618031333333334
2021-09-27,50.943431
2021-09-28,50.26883066666666
2021-09-29,49.59423033333333
2021-09-30,48.91963
2021-10-01,48.63016870967742
2021-10-02,48.340707419354835
2021-10-03,48.05124612903226
2021-10-04,47.76178483870967
2021-10-05,47.472323548387095
2021-10-06,47.18286225806452
2021-10-07,46.89340096774193
2021-10-08,46.603939677419355
2021-10-09,46.31447838709677
2021-10-10,46.02501709677419
2021-10-11,45.735555806451615
2021-10-12,45.44609451612903
2021-10-13,45.15663322580645
2021-10-14,44.86717193548387
2021-10-15,44.57771064516129
2021-10-16,44.28824935483871
2021-10-17,43.99878806451613
2021-10-18,43.70932677419355
2021-10-19,43.41986548387097
2021-10-20,43.13040419354839
2021-10-21,42.84094290322581
2021-10-22,42.551481612903224
2021-10-23,42.262020322580646
2021-10-24,41.97255903225807
2021-10-25,41.683097741935484
2021-10-26,41.393636451612906
2021-10-27,41.10417516129033
2021-10-28,40.81471387096774
2021-10-29,40.525252580645166
2021-10-30,40.23579129032258
2021-10-31,39.94633
2021-11-01,39.393211
2021-11-02,38.840092000000006
2021-11-03,38.286973
2021-11-04,37.733854
2021-11-05,37.180735000000006
2021-11-06,36.627616
2021-11-07,36.074497
2021-11-08,35.521378
2021-11-09,34.968259
2021-11-10,34.41514
2021-11-11,33.862021
2021-11-12,33.308902
2021-11-13,32.755783
2021-11-14,32.202664
2021-11-15,31.649545000000003
2021-11-16,31.096426
2021-11-17,30.543307
2021-11-18,29.990188
2021-11-19,29.437069
2021-11-20,28.88395
2021-11-21,28.330831
2021-11-22,27.777712
2021-11-23,27.224593
2021-11-24,26.671474
2021-11-25,26.118355
2021-11-26,25.565236
2021-11-27,25.012117
2021-11-28,24.458998
2021-11-29,23.905879
2021-11-30,23.35276
2021-12-01,24.932520322580643
2021-12-02,26.51228064516129
2021-12-03,28.092040967741934
2021-12-04,29.67180129032258
2021-12-05,31.251561612903224
2021-12-06,32.83132193548387
2021-12-07,34.41108225806451
2021-12-08,35.99084258064516
2021-12-09,37.570602903225804
2021-12-10,39.15036322580645
2021-12-11,40.7301235483871
2021-12-12,42.30988387096774
2021-12-13,43.889644193548385
2021-12-14,45.46940451612903
2021-12-15,47.04916483870967
2021-12-16,48.62892516129032
2021-12-17,50.208685483870966
2021-12-18,51.788445806451605
2021-12-19,53.36820612903225
2021-12-20,54.9479664516129
2021-12-21,56.52772677419354
2021-12-22,58.10748709677419
2021-12-23,59.68724741935483
2021-12-24,61.26700774193547
2021-12-25,62.84676806451613
2021-12-26,64.42652838709677
2021-12-27,66.0062887096774
2021-12-28,67.58604903225806
2021-12-29,69.1658093548387
2021-12-30,70.74556967741935
2021-12-31,72.32533
2022-01-01,72.25109322580644
2022-01-02,72.17685645161289
2022-01-03,72.10261967741936
2022-01-04,72.0283829032258
2022-01-05,71.95414612903225
2022-01-06,71.8799093548387
2022-01-07,71.80567258064515
2022-01-08,71.73143580645161
2022-01-09,71.65719903225806
2022-01-10,71.58296225806451
2022-01-11,71.50872548387096
2022-01-12,71.43448870967741
2022-01-13,71.36025193548387
2022-01-14,71.28601516129032
2022-01-15,71.21177838709677
2022-01-16,71.13754161290322
2022-01-17,71.06330483870967
2022-01-18,70.98906806451612
2022-01-19,70.91483129032258
2022-01-20,70.84059451612903
2022-01-21,70.76635774193548
2022-01-22,70.69212096774193
2022-01-23,70.61788419354838
2022-01-24,70.54364741935484
2022-01-25,70.46941064516129
2022-01-26,70.39517387096774
2022-01-27,70.32093709677419
2022-01-28,70.24670032258064
2022-01-29,70.1724635483871
2022-01-30,70.09822677419355
2022-01-31,70.02399
2022-02-01,70.78015571428571
2022-02-02,71.53632142857143
2022-02-03,72.29248714285714
2022-02-04,73.04865285714286
2022-02-05,73.80481857142857
2022-02-06,74.56098428571428
2022-02-07,75.31715
2022-02-08,76.07331571428571
2022-02-09,76.82948142857143
2022-02-10,77.58564714285714
2022-02-11,78.34181285714286
2022-02-12,79.09797857142857
2022-02-13,79.85414428571428
2022-02-14,80.61031
2022-02-15,81.36647571428571
2022-02-16,82.12264142857143
2022-02-17,82.87880714285714
2022-02-18,83.63497285714286
2022-02-19,84.39113857142857
2022-02-20,85.14730428571428
2022-02-21,85.90347
2022-02-22,86.65963571428571
2022-02-23,87.41580142857143
2022-02-24,88.17196714285714
2022-02-25,88.92813285714286
2022-02-26,89.68429857142857
2022-02-27,90.44046428571428
2022-02-28,91.19663
2022-03-01,92.14831032258064
2022-03-02,93.09999064516128
2022-03-03,94.05167096774193
2022-03-04,95.00335129032258
2022-03-05,95.95503161290323
2022-03-06,96.90671193548387
2022-03-07,97.85839225806451
2022-03-08,98.81007258064515
2022-03-09,99.76175290322581
2022-03-10,100.71343322580645
2022-03-11,101.6651135483871
2022-03-12,102.61679387096774
2022-03-13,103.56847419354838
2022-03-14,104.52015451612903
2022-03-15,105.47183483870967
2022-03-16,106.42351516129033
2022-03-17,107.37519548387097
2022-03-18,108.32687580645161
2022-03-19,109.27855612903225
2022-03-20,110.2302364516129
2022-03-21,111.18191677419355
2022-03-22,112.1335970967742
2022-03-23,113.08527741935484
2022-03-24,114.03695774193548
2022-03-25,114.98863806451612
2022-03-26,115.94031838709677
2022-03-27,116.89199870967741
2022-03-28,117.84367903225805
2022-03-29,118.79535935483871
2022-03-30,119.74703967741935
2022-03-31,120.69872
2022-04-01,119.679766
2022-04-02,118.66081199999999
2022-04-03,117.641858
2022-04-04,116.62290399999999
2022-04-05,115.60395
2022-04-06,114.58499599999999
2022-04-07,113.566042
2022-04-08,112.547088
2022-04-09,111.528134
2022-04-10,110.50918
2022-04-11,109.49022599999999
2022-04-12,108.471272
2022-04-13,107.45231799999999
2022-04-14,106.433364
2022-04-15,105.41441
2022-04-16,104.395456
2022-04-17,103.37650199999999
2022-04-18,102.357548
2022-04-19,101.338594
2022-04-20,100.31963999999999
2022-04-21,99.300686
2022-04-22,98.281732
2022-04-23,97.262778
2022-04-24,96.24382399999999
2022-04-25,95.22487
2022-04-26,94.205916
2022-04-27,93.186962
2022-04-28,92.168008
2022-04-29,91.14905399999999
2022-04-30,90.1301
2022-05-01,89.45223129032257
2022-05-02,88.77436258064516
2022-05-03,88.09649387096773
2022-05-04,87.41862516129032
2022-05-05,86.7407564516129
2022-05-06,86.06288774193548
2022-05-07,85.38501903225806
2022-05-08,84.70715032258065
2022-05-09,84.02928161290322
2022-05-10,83.3514129032258
2022-05-11,82.67354419354838
2022-05-12,81.99567548387097
2022-05-13,81.31780677419354
2022-05-14,80.63993806451613
2022-05-15,79.9620693548387
2022-05-16,79.28420064516129
2022-05-17,78.60633193548387
2022-05-18,77.92846322580645
2022-05-19,77.25059451612903
2022-05-20,76.57272580645161
2022-05-21,75.89485709677419
2022-05-22,75.21698838709678
2022-05-23,74.53911967741935
2022-05-24,73.86125096774194
2022-05-25,73.18338225806451
2022-05-26,72.50551354838709
2022-05-27,71.82764483870967
2022-05-28,71.14977612903226
2022-05-29,70.47190741935484
2022-05-30,69.79403870967741
2022-05-31,69.11617
2022-06-01,68.994874
2022-06-02,68.873578
2022-06-03,68.752282
2022-06-04,68.630986
2022-06-05,68.50968999999999
2022-06-06,68.38839399999999
2022-06-07,68.26709799999999
2022-06-08,68.145802
2022-06-09,68.024506
2022-06-10,67.90321
2022-06-11,67.781914
2022-06-12,67.660618
2022-06-13,67.539322
2022-06-14,67.418026
2022-06-15,67.29673
2022-06-16,67.175434
2022-06-17,67.054138
2022-06-18,66.932842
2022-06-19,66.81154599999999
2022-06-20,66.69024999999999
2022-06-21,66.56895399999999
2022-06-22,66.44765799999999
2022-06-23,66.326362
2022-06-24,66.205066
2022-06-25,66.08377
2022-06-26,65.962474
2022-06-27,65.841178
2022-06-28,65.719882
2022-06-29,65.598586
2022-06-30,65.47729
2022-07-01,65.98744483870968
2022-07-02,66.49759967741934
2022-07-03,67.00775451612903
2022-07-04,67.51790935483871
2022-07-05,68.02806419354839
2022-07-06,68.53821903225806
2022-07-07,69.04837387096774
2022-07-08,69.55852870967742
2022-07-09,70.0686835483871
2022-07-10,70.57883838709677
2022-07-11,71.08899322580645
2022-07-12,71.59914806451613
2022-07-13,72.10930290322581
2022-07-14,72.61945774193548
2022-07-15,73.12961258064516
2022-07-16,73.63976741935484
2022-07-17,74.14992225806452
2022-07-18,74.66007709677419
2022-07-19,75.17023193548387
2022-07-20,75.68038677419355
2022-07-21,76.19054161290323
2022-07-22,76.7006964516129
2022-07-23,77.21085129032258
2022-07-24,77.72100612903226
2022-07-25,78.23116096774194
2022-07-26,78.74131580645161
2022-07-27,79.25147064516129
2022-07-28,79.76162548387097
2022-07-29,80.27178032258064
2022-07-30,80.78193516129032
2022-07-31,81.29209
2022-08-01,81.00583258064516
2022-08-02,80.71957516129032
2022-08-03,80.43331774193548
2022-08-04,80.14706032258064
2022-08-05,79.8608029032258
2022-08-06,79.57454548387096
2022-08-07,79.28828806451612
2022-08-08,79.0020306451613
2022-08-09,78.71577322580646
2022-08-10,78.42951580645162
2022-08-11,78.14325838709678
2022-08-12,77.85700096774194
2022-08-13,77.5707435483871
2022-08-14,77.28448612903226
2022-08-15,76.99822870967742
2022-08-16,76.71197129032258
2022-08-17,76.42571387096774
2022-08-18,76.1394564516129
2022-08-19,75.85319903225806
2022-08-20,75.56694161290322
2022-08-21,75.28068419354838
2022-08-22,74.99442677419354
2022-08-23,74.7081693548387
2022-08-24,74.42191193548388
2022-08-25,74.13565451612904
2022-08-26,73.8493970967742
2022-08-27,73.56313967741936
2022-08-28,73.27688225806452
2022-08-29,72.99062483870968
2022-08-30,72.70436741935484
2022-08-31,72.41811
2022-09-01,72.26218066666667
2022-09-02,72.10625133333333
2022-09-03,71.950322
2022-09-04,71.79439266666667
2022-09-05,71.63846333333333
2022-09-06,71.482534
2022-09-07,71.32660466666667
2022-09-08,71.17067533333334
2022-09-09,71.014746
2022-09-10,70.85881666666667
2022-09-11,70.70288733333334
2022-09-12,70.546958
2022-09-13,70.39102866666667
2022-09-14,70.23509933333334
2022-09-15,70.07917
2022-09-16,69.92324066666666
2022-09-17,69.76731133333332
2022-09-18,69.61138199999999
2022-09-19,69.45545266666666
2022-09-20,69.29952333333333
2022-09-21,69.143594
2022-09-22,68.98766466666666
2022-09-23,68.83173533333333
2022-09-24,68.675806
2022-09-25,68.51987666666666
2022-09-26,68.36394733333333
2022-09-27,68.208018
2022-09-28,68.05208866666666
2022-09-29,67.89615933333333
2022-09-30,67.74023
2022-10-01,68.4745135483871
2022-10-02,69.20879709677419
2022-10-03,69.94308064516129
2022-10-04,70.67736419354839
2022-10-05,71.41164774193548
2022-10-06,72.14593129032258
2022-10-07,72.88021483870968
2022-10-08,73.61449838709677
2022-10-09,74.34878193548387
2022-10-10,75.08306548387097
2022-10-11,75.81734903225806
2022-10-12,76.55163258064516
2022-10-13,77.28591612903226
2022-10-14,78.02019967741936
2022-10-15,78.75448322580645
2022-10-16,79.48876677419355
2022-10-17,80.22305032258065
2022-10-18,80.95733387096774
2022-10-19,81.69161741935484
2022-10-20,82.42590096774194
2022-10-21,83.16018451612904
2022-10-22,83.89446806451613
2022-10-23,84.62875161290323
2022-10-24,85.36303516129033
2022-10-25,86.09731870967742
2022-10-26,86.83160225806452
2022-10-27,87.56588580645162
2022-10-28,88.30016935483872
2022-10-29,89.03445290322581
2022-10-30,89.76873645161291
2022-10-31,90.50302
2022-11-01,90.05712766666667
2022-11-02,89.61123533333334
2022-11-03,89.16534300000001
2022-11-04,88.71945066666667
2022-11-05,88.27355833333334
2022-11-06,87.82766600000001
2022-11-07,87.38177366666667
2022-11-08,86.93588133333334
2022-11-09,86.48998900000001
2022-11-10,86.04409666666668
2022-11-11,85.59820433333334
2022-11-12,85.15231200000001
2022-11-13,84.70641966666668
2022-11-14,84.26052733333333
2022-11-15,83.81463500000001
2022-11-16,83.36874266666666
2022-11-17,82.92285033333333
2022-11-18,82.476958
2022-11-19,82.03106566666666
2022-11-20,81.58517333333333
2022-11-21,81.139281
2022-11-22,80.69338866666666
2022-11-23,80.24749633333333
2022-11-24,79.801604
2022-11-25,79.35571166666666
2022-11-26,78.90981933333333
2022-11-27,78.463927
2022-11-28,78.01803466666667
2022-11-29,77.57214233333333
2022-11-30,77.12625
2022-12-01,77.15740612903225
2022-12-02,77.18856225806452
2022-12-03,77.21971838709678
2022-12-04,77.25087451612903
2022-12-05,77.28203064516129
2022-12-06,77.31318677419355
2022-12-07,77.34434290322581
2022-12-08,77.37549903225806
2022-12-09,77.40665516129032
2022-12-10,77.43781129032259
2022-12-11,77.46896741935484
2022-12-12,77.5001235483871
2022-12-13,77.53127967741935
2022-12-14,77.56243580645162
2022-12-15,77.59359193548387
2022-12-16,77.62474806451613
2022-12-17,77.65590419354838
2022-12-18,77.68706032258065
2022-12-19,77.7182164516129
2022-12-20,77.74937258064516
2022-12-21,77.78052870967741
2022-12-22,77.81168483870968
2022-12-23,77.84284096774194
2022-12-24,77.87399709677419
2022-12-25,77.90515322580644
2022-12-26,77.93630935483871
2022-12-27,77.96746548387097
2022-12-28,77.99862161290322
2022-12-29,78.02977774193548
2022-12-30,78.06093387096774
2022-12-31,78.09209
2023-01-01,77.21734096774193
2023-01-02,76.34259193548387
2023-01-03,75.4678429032258
2023-01-04,74.59309387096773
2023-01-05,73.71834483870968
2023-01-06,72.84359580645162
2023-01-07,71.96884677419355
2023-01-08,71.09409774193549
2023-01-09,70.21934870967742
2023-01-10,69.34459967741935
2023-01-11,68.46985064516129
2023-01-12,67.59510161290322
2023-01-13,66.72035258064516
2023-01-14,65.84560354838709
2023-01-15,64.97085451612904
2023-01-16,64.09610548387097
2023-01-17,63.221356451612905
2023-01-18,62.34660741935484
2023-01-19,61.47185838709677
2023-01-20,60.59710935483871
2023-01-21,59.72236032258064
2023-01-22,58.84761129032258
2023-01-23,57.97286225806452
2023-01-24,57.09811322580645
2023-01-25,56.22336419354839
2023-01-26,55.348615161290326
2023-01-27,54.47386612903226
2023-01-28,53.599117096774194
2023-01-29,52.72436806451613
2023-01-30,51.84961903225806
2023-01-31,50.97487
2023-02-01,53.68110607142857
2023-02-02,56.38734214285714
2023-02-03,59.093578214285714
2023-02-04,61.79981428571429
2023-02-05,64.50605035714285
2023-02-06,67.21228642857143
2023-02-07,69.9185225
2023-02-08,72.62475857142857
2023-02-09,75.33099464285715
2023-02-10,78.03723071428571
2023-02-11,80.74346678571429
2023-02-12,83.44970285714285
2023-02-13,86.15593892857143
2023-02-14,88.86217500000001
2023-02-15,91.56841107142857
2023-02-16,94.27464714285713
2023-02-17,96.98088321428571
2023-02-18,99.68711928571429
2023-02-19,102.39335535714285
2023-02-20,105.09959142857142
2023-02-21,107.80582749999999
2023-02-22,110.51206357142857
2023-02-23,113.21829964285715
2023-02-24,115.92453571428572
2023-02-25,118.63077178571427
2023-02-26,121.33700785714285
2023-02-27,124.04324392857143
2023-02-28,126.74948
2023-03-01,124.9958070967742
2023-03-02,123.2421341935484
2023-03-03,121.48846129032259
2023-03-04,119.73478838709678
2023-03-05,117.98111548387098
2023-03-06,116.22744258064517
2023-03-07,114.47376967741936
2023-03-08,112.72009677419355
2023-03-09,110.96642387096774
2023-03-10,109.21275096774194
2023-03-11,107.45907806451613
2023-03-12,105.70540516129033
2023-03-13,103.95173225806452
2023-03-14,102.19805935483872
2023-03-15,100.4443864516129
2023-03-16,98.6907135483871
2023-03-17,96.93704064516129
2023-03-18,95.18336774193548
2023-03-19,93.42969483870968
2023-03-20,91.67602193548387
2023-03-21,89.92234903225807
2023-03-22,88.16867612903226
2023-03-23,86.41500322580646
2023-03-24,84.66133032258065
2023-03-25,82.90765741935485
2023-03-26,81.15398451612904
2023-03-27,79.40031161290324
2023-03-28,77.64663870967743
2023-03-29,75.89296580645163
2023-03-30,74.13929290322581
2023-03-31,72.38562
2023-04-01,72.83845733333334
2023-04-02,73.29129466666667
2023-04-03,73.74413200000001
2023-04-04,74.19696933333334
2023-04-05,74.64980666666668
2023-04-06,75.102644
2023-04-07,75.55548133333333
2023-04-08,76.00831866666667
2023-04-09,76.461156
2023-04-10,76.91399333333334
2023-04-11,77.36683066666667
2023-04-12,77.81966800000001
2023-04-13,78.27250533333334
2023-04-14,78.72534266666668
2023-04-15,79.17818
2023-04-16,79.63101733333333
2023-04-17,80.08385466666667
2023-04-18,80.536692
2023-04-19,80.98952933333334
2023-04-20,81.44236666666667
2023-04-21,81.895204
2023-04-22,82.34804133333334
2023-04-23,82.80087866666668
2023-04-24,83.253716
2023-04-25,83.70655333333335
2023-04-26,84.15939066666667
2023-04-27,84.612228
2023-04-28,85.06506533333334
2023-04-29,85.51790266666667
2023-04-30,85.97074
2023-05-01,84.76039612903226
2023-05-02,83.55005225806453
2023-05-03,82.33970838709678
2023-05-04,81.12936451612904
2023-05-05,79.9190206451613
2023-05-06,78.70867677419355
2023-05-07,77.49833290322582
2023-05-08,76.28798903225807
2023-05-09,75.07764516129032
2023-05-10,73.86730129032259
2023-05-11,72.65695741935484
2023-05-12,71.4466135483871
2023-05-13,70.23626967741936
2023-05-14,69.02592580645162
2023-05-15,67.81558193548388
2023-05-16,66.60523806451613
2023-05-17,65.3948941935484
2023-05-18,64.18455032258065
2023-05-19,62.97420645161291
2023-05-20,61.76386258064517
2023-05-21,60.55351870967742
2023-05-22,59.34317483870968
2023-05-23,58.13283096774194
2023-05-24,56.9224870967742
2023-05-25,55.71214322580646
2023-05-26,54.50179935483871
2023-05-27,53.29145548387097
2023-05-28,52.08111161290323
2023-05-29,50.87076774193549
2023-05-30,49.66042387096774
2023-05-31,48.45008
2023-06-01,48.837077666666666
2023-06-02,49.22407533333333
2023-06-03,49.611073
2023-06-04,49.99807066666666
2023-06-05,50.38506833333334
2023-06-06,50.772066
2023-06-07,51.15906366666667
2023-06-08,51.546061333333334
2023-06-09,51.933059
2023-06-10,52.320056666666666
2023-06-11,52.70705433333333
2023-06-12,53.094052
2023-06-13,53.481049666666664
2023-06-14,53.86804733333333
2023-06-15,54.255044999999996
2023-06-16,54.64204266666667
2023-06-17,55.029040333333334
2023-06-18,55.416038
2023-06-19,55.803035666666666
2023-06-20,56.19003333333333
2023-06-21,56.577031
2023-06-22,56.964028666666664
2023-06-23,57.35102633333333
2023-06-24,57.738023999999996
2023-06-25,58.12502166666667
2023-06-26,58.512019333333335
2023-06-27,58.899017
2023-06-28,59.28601466666667
2023-06-29,59.67301233333333
2023-06-30,60.06001
2023-07-01,59.91749354838709
2023-07-02,59.774977096774194
2023-07-03,59.63246064516129
2023-07-04,59.48994419354839
2023-07-05,59.34742774193548
2023-07-06,59.20491129032258
2023-07-07,59.06239483870968
2023-07-08,58.91987838709677
2023-07-09,58.77736193548387
2023-07-10,58.63484548387097
2023-07-11,58.49232903225806
2023-07-12,58.349812580645164
2023-07-13,58.20729612903226
2023-07-14,58.06477967741935
2023-07-15,57.922263225806454
2023-07-16,57.77974677419355
2023-07-17,57.63723032258065
2023-07-18,57.49471387096774
2023-07-19,57.35219741935484
2023-07-20,57.20968096774194
2023-07-21,57.06716451612903
2023-07-22,56.924648064516134
2023-07-23,56.78213161290323
2023-07-24,56.63961516129032
2023-07-25,56.497098709677424
2023-07-26,56.35458225806452
2023-07-27,56.21206580645161
2023-07-28,56.06954935483871
2023-07-29,55.92703290322581
2023-07-30,55.78451645161291
2023-07-31,55.642
2023-08-01,55.70639225806452
2023-08-02,55.770784516129034
2023-08-03,55.83517677419355
2023-08-04,55.899569032258064
2023-08-05,55.96396129032258
2023-08-06,56.0283535483871
2023-08-07,56.09274580645162
2023-08-08,56.15713806451613
2023-08-09,56.22153032258065
2023-08-10,56.28592258064516
2023-08-11,56.35031483870968
2023-08-12,56.414707096774194
2023-08-13,56.47909935483871
2023-08-14,56.543491612903225
2023-08-15,56.60788387096774
2023-08-16,56.67227612903226
2023-08-17,56.73666838709678
2023-08-18,56.80106064516129
2023-08-19,56.86545290322581
2023-08-20,56.929845161290324
2023-08-21,56.99423741935484
2023-08-22,57.058629677419354
2023-08-23,57.12302193548387
2023-08-24,57.187414193548385
2023-08-25,57.2518064516129
2023-08-26,57.31619870967742
2023-08-27,57.38059096774194
2023-08-28,57.44498322580645
2023-08-29,57.50937548387097
2023-08-30,57.573767741935484
2023-08-31,57.63816
2023-09-01,56.813868
2023-09-02,55.989576
2023-09-03,55.165284
2023-09-04,54.340992
2023-09-05,53.5167
2023-09-06,52.692408
2023-09-07,51.868116
2023-09-08,51.043824
2023-09-09,50.219532
2023-09-10,49.39524
2023-09-11,48.570948
2023-09-12,47.746656
2023-09-13,46.922364
2023-09-14,46.098072
2023-09-15,45.27378
2023-09-16,44.449488
2023-09-17,43.625196
2023-09-18,42.800904
2023-09-19,41.976612
2023-09-20,41.15232
2023-09-21,40.328028
2023-09-22,39.503736
2023-09-23,38.679444000000004
2023-09-24,37.855152
2023-09-25,37.03086
2023-09-26,36.206568
2023-09-27,35.382276
2023-09-28,34.557984
2023-09-29,33.733692
2023-09-30,32.9094
2023-10-01,35.786969032258064
2023-10-02,38.66453806451613
2023-10-03,41.54210709677419
2023-10-04,44.419676129032254
2023-10-05,47.29724516129032
2023-10-06,50.174814193548386
2023-10-07,53.05238322580645
2023-10-08,55.92995225806452
2023-10-09,58.80752129032258
2023-10-10,61.68509032258065
2023-10-11,64.56265935483871
2023-10-12,67.44022838709677
2023-10-13,70.31779741935483
2023-10-14,73.1953664516129
2023-10-15,76.07293548387096
2023-10-16,78.95050451612903
2023-10-17,81.8280735483871
2023-10-18,84.70564258064516
2023-10-19,87.58321161290323
2023-10-20,90.4607806451613
2023-10-21,93.33834967741936
2023-10-22,96.21591870967742
2023-10-23,99.09348774193549
2023-10-24,101.97105677419356
2023-10-25,104.84862580645162
2023-10-26,107.72619483870969
2023-10-27,110.60376387096775
2023-10-28,113.48133290322582
2023-10-29,116.35890193548389
2023-10-30,119.23647096774195
2023-10-31,122.11404
2023-11-01,121.53478100000001
2023-11-02,120.955522
2023-11-03,120.37626300000001
2023-11-04,119.797004
2023-11-05,119.21774500000001
2023-11-06,118.638486
2023-11-07,118.059227
2023-11-08,117.479968
2023-11-09,116.900709
2023-11-10,116.32145
2023-11-11,115.742191
2023-11-12,115.162932
2023-11-13,114.583673
2023-11-14,114.004414
2023-11-15,113.425155
2023-11-16,112.84589600000001
2023-11-17,112.266637
2023-11-18,111.687378
2023-11-19,111.108119
2023-11-20,110.52886000000001
2023-11-21,109.949601
2023-11-22,109.37034200000001
2023-11-23,108.791083
2023-11-24,108.21182400000001
2023-11-25,107.632565
2023-11-26,107.053306
2023-11-27,106.474047
2023-11-28,105.894788
2023-11-29,105.315529
2023-11-30,104.73627
2023-12-01,105.50404225806452
2023-12-02,106.27181451612904
2023-12-03,107.03958677419355
2023-12-04,107.80735903225806
2023-12-05,108.57513129032259
2023-12-06,109.3429035483871
2023-12-07,110.11067580645161
2023-12-08,110.87844806451614
2023-12-09,111.64622032258065
2023-12-10,112.41399258064516
2023-12-11,113.18176483870968
2023-12-12,113.9495370967742
2023-12-13,114.7173093548387
2023-12-14,115.48508161290323
2023-12-15,116.25285387096774
2023-12-16,117.02062612903225
2023-12-17,117.78839838709678
2023-12-18,118.55617064516129
2023-12-19,119.3239429032258
2023-12-20,120.09171516129031
2023-12-21,120.85948741935483
2023-12-22,121.62725967741935
2023-12-23,122.39503193548386
2023-12-24,123.16280419354838
2023-12-25,123.9305764516129
2023-12-26,124.6983487096774
2023-12-27,125.46612096774193
2023-12-28,126.23389322580644
2023-12-29,127.00166548387095
2023-12-30,127.76943774193546
2023-12-31,128.53721
